step,population_size,food_count,average_energy,average_age,birth_count,death_count,move_count,move_rate,eat_count,eat_rate,eat_per_move,birth_rate,death_rate,average_exploration_tendency,std_exploration_tendency,min_exploration_tendency,max_exploration_tendency,average_site_fidelity,std_site_fidelity,min_site_fidelity,max_site_fidelity,average_risk_tolerance,std_risk_tolerance,min_risk_tolerance,max_risk_tolerance,average_reproduction_timing,std_reproduction_timing,min_reproduction_timing,max_reproduction_timing
0,100,896,9.54,1.0,0,0,56,0.56,4,0.04,0.07142857142857142,0.0,0.0,0.47354838709677416,0.29788990835978557,0.0,1.0,0.48903225806451617,0.29833809536618383,0.0,1.0,0.5112903225806451,0.27005895991695145,0.0,1.0,0.46903225806451615,0.30559881340650363,0.0,1.0
1,100,1283,9.63,2.0,0,0,46,0.46,13,0.13,0.2826086956521739,0.0,0.0,0.47354838709677416,0.29788990835978557,0.0,1.0,0.48903225806451617,0.29833809536618383,0.0,1.0,0.5112903225806451,0.27005895991695145,0.0,1.0,0.46903225806451615,0.30559881340650363,0.0,1.0
2,101,1663,9.722772277227724,2.9702970297029703,1,0,66,0.66,20,0.2,0.30303030303030304,0.01,0.0,0.4698179495368892,0.29874975472181775,0.0,1.0,0.48930054295752157,0.29686962301854947,0.0,1.0,0.5119770041520281,0.2688064313694853,0.0,1.0,0.46438837432130314,0.30760777075271817,0.0,1.0
3,102,2029,10.440196078431374,3.9313725490196076,1,0,72,0.7128712871287128,34,0.33663366336633666,0.4722222222222222,0.009900990099009901,0.0,0.4721695129664769,0.2982195784508793,0.0,1.0,0.4920936116382037,0.29674140684983935,0.0,1.0,0.5120177103099305,0.2674858200828388,0.0,1.0,0.46173308032890575,0.30725718521348394,0.0,1.0
4,102,2395,11.222549019607843,4.931372549019608,0,0,80,0.7843137254901961,34,0.3333333333333333,0.425,0.0,0.0,0.4721695129664769,0.2982195784508793,0.0,1.0,0.4920936116382037,0.29674140684983935,0.0,1.0,0.5120177103099305,0.2674858200828388,0.0,1.0,0.46173308032890575,0.30725718521348394,0.0,1.0
5,104,2747,12.274038461538462,5.8173076923076925,2,0,88,0.8627450980392157,48,0.47058823529411764,0.5454545454545454,0.0196078431372549,0.0,0.47487593052109184,0.3007986092142641,0.0,1.0,0.49503722084367247,0.29516804392228885,0.0,1.0,0.5108560794044664,0.26563457249590156,0.0,1.0,0.45440446650124067,0.3089590049048905,0.0,1.0
6,108,3100,12.86203703703704,6.564814814814815,4,0,92,0.8846153846153846,47,0.4519230769230769,0.5108695652173914,0.038461538461538464,0.0,0.473715651135006,0.29878313825547076,0.0,1.0,0.4982078853046595,0.29487775628200263,0.0,1.0,0.5068697729988053,0.26331468435942734,0.0,1.0,0.44534050179211465,0.30801832844263477,0.0,1.0
7,110,3442,14.202727272727273,7.427272727272728,2,0,96,0.8888888888888888,58,0.5370370370370371,0.6041666666666666,0.018518518518518517,0.0,0.4674486803519062,0.29989893465372847,0.0,1.0,0.4958944281524927,0.2933326876918253,0.0,1.0,0.5067448680351906,0.26113805543199886,0.0,1.0,0.4504398826979472,0.3087941727530449,0.0,1.0
8,116,3782,14.830172413793104,7.991379310344827,6,0,101,0.9181818181818182,60,0.5454545454545454,0.594059405940594,0.05454545454545454,0.0,0.47497219132369295,0.29730167271228003,0.0,1.0,0.4955506117908788,0.2911370528084007,0.0,1.0,0.5027808676307007,0.25688233693711005,0.0,1.0,0.44271412680756395,0.31127537201490507,0.0,1.0
9,122,4122,15.366393442622948,8.549180327868852,6,0,104,0.896551724137931,60,0.5172413793103449,0.5769230769230769,0.05172413793103448,0.0,0.46245372818614494,0.29942287834496545,0.0,1.0,0.48863035430988894,0.2937593204052614,0.0,1.0,0.5002644103648863,0.25561522450200075,0.0,1.0,0.43654151242728717,0.31365723417254554,0.0,1.0
10,124,4451,16.843548387096774,9.306451612903226,3,1,115,0.9426229508196722,71,0.5819672131147541,0.6173913043478261,0.02459016393442623,0.00819672131147541,0.45915712799167535,0.2991520377835363,0.0,1.0,0.4849115504682622,0.28890088610873194,0.0,1.0,0.49765868886576486,0.2568315168229557,0.0,1.0,0.4308012486992716,0.31471133909383175,0.0,1.0
11,143,4765,16.057342657342655,8.937062937062937,19,0,115,0.9274193548387096,86,0.6935483870967742,0.7478260869565218,0.1532258064516129,0.0,0.45274080757951723,0.29398181667433887,0.0,1.0,0.49311978344236407,0.2895224801668109,0.0,1.0,0.5068802165576359,0.25567419880538633,0.0,1.0,0.41281299345815475,0.3077237286432926,0.0,1.0
12,155,5066,16.65096774193548,9.167741935483871,12,0,136,0.951048951048951,99,0.6923076923076923,0.7279411764705882,0.08391608391608392,0.0,0.4493236212278876,0.2978920645993194,0.0,1.0,0.486576482830385,0.29070283431138033,0.0,1.0,0.5165452653485952,0.25323225789681275,0.0,1.0,0.4077003121748179,0.30659416961290414,0.0,1.0
13,172,5363,16.543023255813953,9.162790697674419,17,0,150,0.967741935483871,103,0.6645161290322581,0.6866666666666666,0.10967741935483871,0.0,0.4538634658664666,0.3021989723703361,0.0,1.0,0.49362340585146286,0.2877089054645614,0.0,1.0,0.5140660165041261,0.25459854256537306,0.0,1.0,0.40303825956489125,0.3083016980112618,0.0,1.0
14,196,5635,16.22551020408163,8.918367346938776,24,0,168,0.9767441860465116,128,0.7441860465116279,0.7619047619047619,0.13953488372093023,0.0,0.4498025016458196,0.29289315000031696,0.0,1.0,0.477781435154707,0.2869382075194915,0.0,1.0,0.5113561553653719,0.2519088625825638,0.0,1.0,0.3897300855826202,0.3029116587842253,0.0,1.0
15,213,5900,16.707042253521124,9.126760563380282,17,0,192,0.9795918367346939,135,0.6887755102040817,0.703125,0.08673469387755102,0.0,0.45085567166439494,0.2912791771356724,0.0,1.0,0.4899288202332273,0.28932374211320966,0.0,1.0,0.5144631228229593,0.2496589587060709,0.0,1.0,0.3798273512039982,0.30129032500144753,0.0,1.0
16,245,6134,16.319591836734688,8.80408163265306,32,0,209,0.9812206572769953,166,0.7793427230046949,0.7942583732057417,0.15023474178403756,0.0,0.43857801184990125,0.29464989436838435,0.0,1.0,0.4922975641869651,0.28896090321611856,0.0,1.0,0.5171823568136932,0.24918682142574505,0.0,1.0,0.38117182356813695,0.30697425855016147,0.0,1.0
17,280,6347,16.03142857142857,8.57857142857143,35,0,245,1.0,187,0.763265306122449,0.763265306122449,0.14285714285714285,0.0,0.4391705069124424,0.29633020571212165,0.0,1.0,0.49642857142857144,0.2832639604662575,0.0,1.0,0.5169354838709678,0.2476050364003929,0.0,1.0,0.3800691244239631,0.3065226131326987,0.0,1.0
18,323,6539,15.534984520123833,8.303405572755418,43,0,268,0.9571428571428572,208,0.7428571428571429,0.7761194029850746,0.15357142857142858,0.0,0.4377309497653051,0.29374341299349,0.0,1.0,0.49875162289024266,0.28493093923251855,0.0,1.0,0.5193248776590432,0.24689206586117485,0.0,1.0,0.3769100169779287,0.30544621313041603,0.0,1.0
19,359,6692,15.956824512534814,8.370473537604457,36,0,312,0.9659442724458205,247,0.7647058823529411,0.7916666666666666,0.11145510835913312,0.0,0.4382244586216192,0.29580274603402357,0.0,1.0,0.49833767634109083,0.2830623262226129,0.0,1.0,0.5178362835834307,0.243453734548823,0.0,1.0,0.3713720909335969,0.3064986348161095,0.0,1.0
20,411,6812,15.787347931873477,8.184914841849148,52,0,344,0.958217270194986,280,0.7799442896935933,0.813953488372093,0.14484679665738162,0.0,0.44180205635350445,0.297310928700302,0.0,1.0,0.5028647672867123,0.28470664090855075,0.0,1.0,0.5251550113805824,0.24526176577207848,0.0,1.0,0.3606467310258221,0.30142829325715964,0.0,1.0
21,466,6904,15.692060085836905,8.100858369098713,55,0,400,0.9732360097323601,308,0.7493917274939172,0.77,0.13381995133819952,0.0,0.44136785269278694,0.2959180345092497,0.0,1.0,0.5022843693756057,0.28298511251693825,0.0,1.0,0.5238128201578292,0.24591793621448482,0.0,1.0,0.36418385712307905,0.30179425657260306,0.0,1.0
22,521,6952,15.932629558541263,8.140115163147792,55,0,450,0.9656652360515021,352,0.7553648068669528,0.7822222222222223,0.11802575107296137,0.0,0.4411491548510928,0.2960759473648774,0.0,1.0,0.5043650547953686,0.2836966714784856,0.0,1.0,0.5213299486099933,0.24638634649673521,0.0,1.0,0.35657234846139557,0.29852238598726366,0.0,1.0
23,599,6970,15.470450751252082,7.94991652754591,78,0,502,0.963531669865643,382,0.7332053742802304,0.7609561752988048,0.14971209213051823,0.0,0.44574290484140233,0.29708370347060387,0.0,1.0,0.5128439872906457,0.283626773036948,0.0,1.0,0.5232915073509613,0.24747186145288336,0.0,1.0,0.3526307286337444,0.2958679405100976,0.0,1.0
24,683,6910,15.398096632503654,7.849194729136164,84,0,570,0.9515859766277128,460,0.7679465776293823,0.8070175438596491,0.14023372287145242,0.0,0.4457091578897653,0.29742802665292345,0.0,1.0,0.5089973078921267,0.2835543944754909,0.0,1.0,0.5285032824824067,0.24562512313710294,0.0,1.0,0.3501157134085864,0.29478137682799055,0.0,1.0
25,777,6823,15.126898326898322,7.7786357786357785,94,0,660,0.9663250366032211,487,0.7130307467057101,0.7378787878787879,0.1376281112737921,0.0,0.4450533482791547,0.2982519900715713,0.0,1.0,0.5101091875285424,0.2836516512160708,0.0,1.0,0.5298708847095943,0.24824057386450452,0.0,1.0,0.3498152530410595,0.2948339125996809,0.0,1.0
26,874,6690,15.038787185354687,7.804347826086956,97,0,712,0.9163449163449163,533,0.685971685971686,0.7485955056179775,0.12483912483912483,0.0,0.44482173174872663,0.3003470632862352,0.0,1.0,0.5079353362368052,0.28520378329949575,0.0,1.0,0.5305233631062228,0.2491301777775479,0.0,1.0,0.3493762456632465,0.29353418754112326,0.0,1.0
27,979,6502,14.983146067415724,7.8600612870275794,105,0,803,0.9187643020594966,588,0.6727688787185355,0.7322540473225405,0.12013729977116705,0.0,0.4434412995485848,0.3002611245454202,0.0,1.0,0.5117137302711786,0.2852714436755902,0.0,1.0,0.5262446868101092,0.24945422354789082,0.0,1.0,0.34557975551089,0.2914978814365315,0.0,1.0
28,1097,6293,14.707930720145848,7.907019143117593,118,0,891,0.9101123595505618,609,0.6220633299284984,0.6835016835016835,0.1205311542390194,0.0,0.4448495897903373,0.2981926617978867,0.0,1.0,0.5116593642485371,0.28572492331299737,0.0,1.0,0.5270091451759932,0.25067190468819284,0.0,1.0,0.3438703796277237,0.2891688474777301,0.0,1.0
29,1211,6010,14.779438480594544,8.068538398018166,114,0,972,0.886052871467639,683,0.6226071103008204,0.7026748971193416,0.10391978122151321,0.0,0.4440744785700967,0.2992478718737907,0.0,1.0,0.5098159345781945,0.2864155228654883,0.0,1.0,0.5284888521882741,0.25123521418179073,0.0,1.0,0.3452758317572787,0.2889929488600678,0.0,1.0
30,1344,5676,14.663913690476184,8.159970238095237,136,3,1060,0.8753096614368291,734,0.6061106523534269,0.6924528301886792,0.11230388109000826,0.002477291494632535,0.44342837941628266,0.2978631196181571,0.0,1.0,0.511136712749616,0.28563078429815686,0.0,1.0,0.5265456989247311,0.2517219545234128,0.0,1.0,0.34715821812596004,0.29075935942695313,0.0,1.0
31,1467,5320,14.69127471029311,8.342876618950239,133,10,1144,0.8511904761904762,756,0.5625,0.6608391608391608,0.09895833333333333,0.00744047619047619,0.44662136904369243,0.2985554588181508,0.0,1.0,0.5123688897684544,0.2875066130301454,0.0,1.0,0.5248587197924226,0.25311843781248605,0.0,1.0,0.3460430547309629,0.2898921710268475,0.0,1.0
32,1588,4959,14.709068010075562,8.620906801007557,123,2,1239,0.8445807770961146,761,0.5187457396046353,0.6142050040355125,0.08384458077709611,0.0013633265167007499,0.44486877386853013,0.2986256476510122,0.0,1.0,0.511822540017876,0.28706050147437595,0.0,1.0,0.5252498578045015,0.2538738715556646,0.0,1.0,0.34354432436824567,0.2889077072103178,0.0,1.0
33,1733,4567,14.496133871898438,8.812463935372186,146,1,1308,0.8236775818639799,792,0.4987405541561713,0.6055045871559633,0.09193954659949623,0.0006297229219143577,0.4429573925506766,0.29926159733987023,0.0,1.0,0.512071179941552,0.2873618981961968,0.0,1.0,0.5290657632671295,0.25277545177480076,0.0,1.0,0.3465927070342311,0.2900688619169407,0.0,1.0
34,1884,4175,14.18938428874734,9.008492569002124,155,4,1403,0.8095787651471437,792,0.4570109636468552,0.5645046329294369,0.0894402769763416,0.002308136180034622,0.44811999178138484,0.30024913455292107,0.0,1.0,0.5152044380521882,0.28884484566011315,0.0,1.0,0.5310595164714745,0.2529722385519154,0.0,1.0,0.34626053010067803,0.2897720318966584,0.0,1.0
35,2018,3755,14.123191278493552,9.32804757185332,138,4,1457,0.7733545647558386,820,0.43524416135881105,0.5628002745367193,0.0732484076433121,0.0021231422505307855,0.44565043639502544,0.29996324561453624,0.0,1.0,0.5138911090508008,0.28731267901420243,0.0,1.0,0.5301320374692285,0.25261573066398657,0.0,1.0,0.3462546756609866,0.28961134785834936,0.0,1.0
36,2151,3371,13.95048814504881,9.649000464900046,143,10,1504,0.7452923686818632,784,0.38850346878097125,0.5212765957446809,0.07086223984142716,0.004955401387512388,0.44439945411736476,0.29957838323571245,0.0,1.0,0.5141644546422519,0.2890132606179479,0.0,1.0,0.5326704758476928,0.25337993110112783,0.0,1.0,0.34836010257794575,0.289932601256874,0.0,1.0
37,2273,2972,13.897404311482617,10.03607567091949,133,11,1540,0.7159460715946072,799,0.3714551371455137,0.5188311688311689,0.06183170618317062,0.005113900511390051,0.4469863616366036,0.3001506354554852,0.0,1.0,0.5168102408356159,0.2888824680081396,0.0,1.0,0.533443083604161,0.2546601285821032,0.0,1.0,0.3496870698096874,0.29064883232152855,0.0,1.0
38,2409,2611,13.663802407638018,10.385637193856372,143,7,1538,0.6766388033435987,761,0.33479982402111746,0.49479843953185954,0.06291245050593929,0.0030796304443466782,0.4448774086423225,0.30032491683116574,0.0,1.0,0.5173743622705178,0.2889732460074913,0.0,1.0,0.535224092449015,0.2549947678072036,0.0,1.0,0.3488798725210568,0.28944625217849973,0.0,1.0
39,2540,2290,13.392362204724403,10.769291338582677,139,8,1574,0.6533831465338314,721,0.2992943129929431,0.45806861499364676,0.057700290577002905,0.0033208800332088003,0.44649479298958594,0.3007027715403627,0.0,1.0,0.5177800355600711,0.2893156602710443,0.0,1.0,0.5362458724917449,0.2548200469314091,0.0,1.0,0.34926339852679705,0.28948679232011,0.0,1.0
40,2648,1993,13.238141993957697,11.243957703927492,122,14,1590,0.6259842519685039,697,0.2744094488188976,0.43836477987421385,0.048031496062992125,0.005511811023622047,0.44697154273462625,0.3007565996440835,0.0,1.0,0.5186628983529871,0.2891627402486902,0.0,1.0,0.5374232530942403,0.2554535690639296,0.0,1.0,0.35119627716596824,0.2901744892232492,0.0,1.0
41,2742,1750,13.072283005105756,11.75346462436178,117,23,1589,0.6000755287009063,643,0.24282477341389727,0.4046570169918188,0.04418429003021148,0.008685800604229608,0.44638949671772427,0.30097405988003645,0.0,1.0,0.5191524905296346,0.2897592448009128,0.0,1.0,0.5388108515093762,0.2557099719447077,0.0,1.0,0.3538975553516388,0.29103650037987044,0.0,1.0
42,2831,1550,12.8655245496291,12.280819498410455,112,23,1598,0.5827862873814734,600,0.2188183807439825,0.37546933667083854,0.040846097738876735,0.008388037928519328,0.4481717391552056,0.3023752466533573,0.0,1.0,0.5223276854183522,0.2901138998958955,0.0,1.0,0.5402855482503618,0.2552190077071973,0.0,1.0,0.3556819088205467,0.29140751166403667,0.0,1.0
43,2920,1387,12.579897260273967,12.738698630136986,128,39,1601,0.5655245496291064,563,0.19886965736488874,0.35165521549031853,0.04521370540445072,0.01377605086541858,0.4467852408307556,0.30302148020904723,0.0,1.0,0.5231992929739284,0.28998343107763686,0.0,1.0,0.5411069376933274,0.2548576387235771,0.0,1.0,0.35716968625718076,0.2916499783606442,0.0,1.0
44,2991,1236,12.416148445336002,13.347709796054831,93,22,1608,0.5506849315068493,551,0.1886986301369863,0.34266169154228854,0.03184931506849315,0.007534246575342466,0.4467488486966275,0.3033979945055841,0.0,1.0,0.5241854596046203,0.29025033422197866,0.0,1.0,0.5411179775886801,0.25529005928299997,0.0,1.0,0.3588183906558385,0.2923303301502348,0.0,1.0
45,3069,1123,12.147344411860534,13.857282502443793,115,37,1566,0.5235707121364093,513,0.1715145436308927,0.3275862068965517,0.03844867937144768,0.01237044466733534,0.44565320215684423,0.3035194149781948,0.0,1.0,0.5265558813945911,0.29004703621359446,0.0,1.0,0.540871777084056,0.2548560940000671,0.0,1.0,0.3594530108577976,0.29204662979081475,0.0,1.0
46,3122,1016,12.004420243433687,14.491351697629725,90,37,1603,0.5223199739328772,507,0.1652003910068426,0.31628197130380536,0.02932551319648094,0.012056044314108831,0.4421173358682399,0.3028477534588409,0.0,1.0,0.528083734578744,0.28921847453610167,0.0,1.0,0.5411750118823748,0.25475886546815435,0.0,1.0,0.36194746957078794,0.2928888439159532,0.0,1.0
47,3170,952,11.805772870662452,15.103154574132493,95,47,1612,0.5163356822549647,464,0.14862267777065982,0.2878411910669975,0.030429212043561818,0.015054452274183215,0.44134527322682404,0.30331166215196054,0.0,1.0,0.529714053118958,0.2888244102358611,0.0,1.0,0.541701434822428,0.25505832303696924,0.0,1.0,0.3635799328380991,0.2927671074818517,0.0,1.0
48,3231,870,11.58059424326833,15.623955431754874,108,47,1585,0.5,482,0.15205047318611986,0.3041009463722397,0.03406940063091483,0.014826498422712935,0.4409600543125568,0.30393843511895563,0.0,1.0,0.5306656283383752,0.28887846167889997,0.0,1.0,0.5419874002855403,0.2556331029784,0.0,1.0,0.3649624105190643,0.29344121125524425,0.0,1.0
49,3272,796,11.44703545232273,16.24786063569682,89,48,1589,0.4917982048901269,474,0.1467038068709378,0.2983008181246067,0.027545651501083256,0.014856081708449397,0.4386386939033047,0.30334680676918985,0.0,1.0,0.5315383705339538,0.28801983251261026,0.0,1.0,0.541890133291269,0.25560302832593385,0.0,1.0,0.3665904251123906,0.2935329108366646,0.0,1.0
50,3325,739,11.234887218045104,16.772932330827068,105,52,1557,0.4758557457212714,457,0.13966992665036676,0.2935131663455363,0.032090464547677264,0.01589242053789731,0.43716711132670383,0.3043904523933499,0.0,1.0,0.5314770797962649,0.28824236610158344,0.0,1.0,0.5427310211011399,0.2556635690906115,0.0,1.0,0.3672568518069367,0.2931696699167483,0.0,1.0
51,3362,695,11.062046400951806,17.350981558596075,95,58,1610,0.4842105263157895,444,0.13353383458646617,0.27577639751552796,0.02857142857142857,0.01744360902255639,0.43487939206693405,0.3045087072500006,0.0,1.0,0.5331312007061848,0.2879321572231441,0.0,1.0,0.5441749342749131,0.256041462878615,0.0,1.0,0.3688472683310625,0.292970411923997,0.0,1.0
52,3400,646,10.903529411764698,17.902941176470588,99,61,1565,0.46549672813801307,449,0.13355145746579417,0.2869009584664537,0.02944675788221297,0.01814396192742415,0.4335673624288425,0.30551139038342784,0.0,1.0,0.5338519924098671,0.28783548803351355,0.0,1.0,0.5438045540796964,0.2552853108692203,0.0,1.0,0.3681309297912714,0.2928080962911855,0.0,1.0
53,3455,617,10.637452966714898,18.36642547033285,116,61,1577,0.4638235294117647,429,0.1261764705882353,0.27203551046290425,0.03411764705882353,0.017941176470588235,0.43228607441295924,0.30573236286019856,0.0,1.0,0.5350730591475655,0.28725036249210906,0.0,1.0,0.5431585826992203,0.25467360048434395,0.0,1.0,0.3708603706643014,0.29296666264992427,0.0,1.0
54,3474,595,10.517818077144494,18.984168105929765,90,71,1563,0.4523878437047757,422,0.12214182344428365,0.26999360204734485,0.02604920405209841,0.020549927641099856,0.4293553958437796,0.30584236829530725,0.0,1.0,0.5339944658012516,0.28615775822996586,0.0,1.0,0.5432986053076309,0.2544900959259113,0.0,1.0,0.3732891340278938,0.29379550838272855,0.0,1.0
55,3500,569,10.365914285714277,19.543714285714287,101,75,1579,0.45451928612550374,426,0.1226252158894646,0.26979100696643443,0.029073114565342544,0.02158894645941278,0.4271336405529954,0.30664048287472695,0.0,1.0,0.53236866359447,0.28535898169466617,0.0,1.0,0.542294930875576,0.25441203587563627,0.0,1.0,0.37330875576036865,0.29342052558299425,0.0,1.0
56,3556,540,10.121850393700777,19.97384701912261,114,58,1542,0.44057142857142856,429,0.12257142857142857,0.2782101167315175,0.03257142857142857,0.01657142857142857,0.4273014260314235,0.3074922043331987,0.0,1.0,0.5315686345658406,0.2849711894376711,0.0,1.0,0.5423636561558838,0.2540624662008863,0.0,1.0,0.3728364599586342,0.2923020090508255,0.0,1.0
57,3564,531,10.007239057239047,20.463524130190798,101,93,1560,0.43869516310461193,409,0.11501687289088863,0.2621794871794872,0.02840269966254218,0.026152980877390326,0.4258173129140871,0.30785747981914935,0.0,1.0,0.5305836139169473,0.2845711708358614,0.0,1.0,0.5427211179899352,0.25351358041866756,0.0,1.0,0.37533036457767643,0.2915147822216307,0.0,1.0
58,3590,522,9.837855153203332,20.913927576601672,109,83,1536,0.43097643097643096,409,0.11475869809203143,0.2662760416666667,0.03058361391694725,0.023288439955106623,0.4234522418905562,0.3074481336497117,0.0,1.0,0.5310809596549555,0.28446009320103843,0.0,1.0,0.5432473717315123,0.25391057829186714,0.0,1.0,0.37661065684248357,0.2914583487344941,0.0,1.0
59,3595,513,9.71068150208622,21.37997218358832,108,103,1609,0.4481894150417827,409,0.11392757660167131,0.25419515226848977,0.030083565459610027,0.028690807799442896,0.42187626183319127,0.30813030277946657,0.0,1.0,0.5303602673964736,0.284006299387289,0.0,1.0,0.5427251110413208,0.25313169118902246,0.0,1.0,0.37756740993315085,0.291299632711855,0.0,1.0
60,3609,504,9.593488500969787,21.887226378498198,101,87,1518,0.4222531293463143,409,0.11376912378303199,0.269433465085639,0.028094575799721837,0.02420027816411683,0.41960510909107157,0.30831242191213987,0.0,1.0,0.530412320453347,0.2828857862305045,0.0,1.0,0.5412096997649246,0.252369665640932,0.0,1.0,0.37913281312846914,0.2913664901452683,0.0,1.0
61,3623,495,9.476731990063474,22.389732266077836,100,86,1525,0.42255472430036023,409,0.11332779163203104,0.26819672131147543,0.02770850651149903,0.023829315599889166,0.41628306607427457,0.3079495811132185,0.0,1.0,0.5295290838994595,0.2818710652457025,0.0,1.0,0.5401066661918033,0.25173498837627917,0.0,1.0,0.38024983750767943,0.2915717400034376,0.0,1.0
62,3630,495,9.397079889807152,23.004407713498622,86,79,1472,0.4062931272426166,400,0.11040574109853712,0.2717391304347826,0.02373723433618548,0.021805133866961084,0.4141473384875144,0.30806187600777035,0.0,1.0,0.5295121300986403,0.28192847253075637,0.0,1.0,0.5394916911045943,0.2518348354102174,0.0,1.0,0.38081400515418107,0.29109138239335464,0.0,1.0
63,3635,497,9.280715268225576,23.467950481430538,111,106,1503,0.4140495867768595,398,0.10964187327823692,0.2648037258815702,0.030578512396694214,0.029201101928374655,0.4084217065270444,0.3072202334364572,0.0,1.0,0.5288370235612548,0.2805455458869422,0.0,1.0,0.5385011314726894,0.25175689757142694,0.0,1.0,0.38376003904690065,0.2924417718011888,0.0,1.0
64,3622,491,9.238155715074534,23.960242959690778,106,119,1478,0.40660247592847315,406,0.11169188445667125,0.2746955345060893,0.029160935350756534,0.0327372764786795,0.40289627901177394,0.30555764212080105,0.0,1.0,0.5272171853012949,0.27996351111492374,0.0,1.0,0.5367378564685346,0.2508542612407995,0.0,1.0,0.3844160239397232,0.29288808355237567,0.0,1.0
65,3610,496,9.200138504155115,24.52770083102493,91,103,1462,0.4036443953616786,395,0.10905577029265599,0.2701778385772914,0.025124240750966316,0.028437327443401435,0.3991957823250826,0.3055603423898809,0.0,1.0,0.5257617728531856,0.2792113639966831,0.0,1.0,0.5354123849521937,0.2502905931414943,0.0,1.0,0.3850326154945939,0.2926791137595465,0.0,1.0
66,3610,504,9.110332409972289,24.9409972299169,108,108,1436,0.39778393351800556,392,0.10858725761772853,0.27298050139275765,0.029916897506925208,0.029916897506925208,0.3963274059512108,0.3058852718854699,0.0,1.0,0.5250915914574211,0.27862344604289335,0.0,1.0,0.536198731123224,0.250193054239765,0.0,1.0,0.3858189616656241,0.2928037304964692,0.0,1.0
67,3611,504,9.032040985876478,25.442536693436722,102,101,1449,0.40138504155124655,400,0.11080332409972299,0.27605244996549344,0.028254847645429362,0.027977839335180055,0.3933679348942747,0.3050608733014664,0.0,1.0,0.5240707158235142,0.2785009646173479,0.0,1.0,0.5367649029399416,0.2508059106897208,0.0,1.0,0.38844569907361914,0.2929478569570698,0.0,1.0
68,3612,503,8.9767165005537,25.900055370985605,99,98,1396,0.3865965106618665,401,0.11104957075602326,0.28724928366762176,0.027416228191636666,0.027139296593741345,0.39250884149608833,0.30618231492661774,0.0,1.0,0.52412210195406,0.27857365468690387,0.0,1.0,0.536044725467081,0.25064304255926934,0.0,1.0,0.3874093523380845,0.29309115700239896,0.0,1.0
69,3610,506,8.905955678670349,26.289473684210527,99,101,1449,0.4011627906976744,397,0.10991140642303433,0.27398205659075225,0.027408637873754152,0.027962347729789592,0.3891877401483335,0.3063078227358089,0.0,1.0,0.5217317487266554,0.2788177563092184,0.0,1.0,0.5388169064426771,0.25055607033402516,0.0,1.0,0.386953802162452,0.29374757160964504,0.0,1.0
70,3645,506,8.737750342935517,26.5840877914952,117,82,1394,0.3861495844875346,400,0.11080332409972299,0.28694404591104733,0.032409972299168976,0.022714681440443214,0.3887605646267534,0.30732560487737925,0.0,1.0,0.5223682463825833,0.2786220091747642,0.0,1.0,0.5382008053453693,0.25029657169734654,0.0,1.0,0.3893269613699721,0.2939255454285179,0.0,1.0
71,3643,508,8.672522646170727,26.977765577820477,108,110,1398,0.38353909465020575,398,0.10919067215363512,0.28469241773962806,0.02962962962962963,0.03017832647462277,0.3856268761123852,0.3065605011239894,0.0,1.0,0.5229118149699379,0.2782647593178221,0.0,1.0,0.5383014707835619,0.25020740161277016,0.0,1.0,0.39038190785687094,0.29418038165250826,0.0,1.0
72,3652,507,8.584912376779835,27.376506024096386,110,101,1382,0.37935767224814715,401,0.1100741147405984,0.2901591895803184,0.030194894317869887,0.027724402964589626,0.381849980567431,0.3054618290941764,0.0,1.0,0.5219764689255556,0.2774255578388391,0.0,1.0,0.5392007914355369,0.2506701713275489,0.0,1.0,0.39310320460728543,0.2947482230386022,0.0,1.0
73,3640,511,8.532774725274713,27.801373626373625,106,118,1431,0.39184008762322015,396,0.10843373493975904,0.27672955974842767,0.029025191675794086,0.03231106243154436,0.38006026231832685,0.30648929939389563,0.0,1.0,0.5214551577454803,0.2770674136664768,0.0,1.0,0.5388957816377171,0.24985838280377387,0.0,1.0,0.39291031549096067,0.2952203049927275,0.0,1.0
74,3627,518,8.485056520540379,28.201543975737525,112,125,1381,0.3793956043956044,393,0.10796703296703297,0.2845763939174511,0.03076923076923077,0.034340659340659344,0.37629961667422646,0.3052626347310511,0.0,1.0,0.5208961462863648,0.27648904210952685,0.0,1.0,0.5384348568531712,0.24950781607189929,0.0,1.0,0.39332248281259724,0.29456747414621154,0.0,1.0
75,3632,523,8.395787444933909,28.50633259911894,113,108,1380,0.380479735318445,395,0.10890543148607665,0.286231884057971,0.0311552247036118,0.02977667493796526,0.37616349296575247,0.305896604745118,0.0,1.0,0.5212359670314054,0.2763200112739117,0.0,1.0,0.5397452749751315,0.25025734114060083,0.0,1.0,0.3950191843114964,0.2944765670088994,0.0,1.0
76,3601,528,8.415690086087185,28.986670369341848,95,126,1387,0.38188325991189426,395,0.10875550660792951,0.28478731074260993,0.026156387665198236,0.034691629955947136,0.372817586512707,0.3048605617494201,0.0,1.0,0.520375164604814,0.2765699777167604,0.0,1.0,0.5408175148480261,0.249235748803359,0.0,1.0,0.39568757782336444,0.29497270962546646,0.0,1.0
77,3575,527,8.412979020979009,29.271608391608392,115,141,1367,0.37961677311857817,401,0.11135795612329909,0.29334308705193857,0.03193557345181894,0.03915579005831713,0.3684637942702459,0.30443826012072844,0.0,1.0,0.5200631626438078,0.27541008837322295,0.0,1.0,0.5416196706519287,0.24885241647714382,0.0,1.0,0.3974734942476878,0.29584298137005033,0.0,1.0
78,3574,537,8.349244543928359,29.495803021824287,116,117,1305,0.365034965034965,390,0.10909090909090909,0.2988505747126437,0.03244755244755245,0.03272727272727273,0.3663375273029225,0.30514263109175294,0.0,1.0,0.5194775890391176,0.2755329850310607,0.0,1.0,0.5432604653681607,0.2480852362914713,0.0,1.0,0.3965918732061303,0.29635939852770327,0.0,1.0
79,3552,540,8.370579954954943,29.886542792792792,90,112,1334,0.3732512590934527,397,0.1110800223838836,0.29760119940029983,0.02518186905428092,0.03133743704532736,0.36600915431560593,0.3059158383683753,0.0,1.0,0.5204246585294973,0.2758032295859873,0.0,1.0,0.5434920807904678,0.24890028746995507,0.0,1.0,0.39649629468177855,0.29668836751647953,0.0,1.0
80,3539,548,8.32998022040123,30.150324950551003,117,130,1342,0.3778153153153153,392,0.11036036036036036,0.29210134128166915,0.032939189189189186,0.0365990990990991,0.36209426756236957,0.3051401831383617,0.0,1.0,0.5195015905714208,0.27598846240112485,0.0,1.0,0.5433282593041592,0.24834367984488687,0.0,1.0,0.39863639263870787,0.2978374368311154,0.0,1.0
81,3523,559,8.318734033494168,30.690036900369005,100,116,1322,0.3735518508053122,389,0.10991805594800791,0.29425113464447805,0.028256569652444195,0.032777620796835265,0.3607079743254008,0.30444878652248447,0.0,1.0,0.5206797725545493,0.27538031102855065,0.0,1.0,0.5426826476701492,0.24838124609503276,0.0,1.0,0.39973263256205765,0.29768580683954937,0.0,1.0
82,3510,567,8.321253561253547,31.04102564102564,95,108,1281,0.3636105591825149,392,0.11126880499574227,0.30601092896174864,0.026965654271927333,0.03065569117229634,0.35715467328370554,0.3039915028872143,0.0,1.0,0.5205036301810495,0.2745025740020294,0.0,1.0,0.543442698281408,0.24787790629862555,0.0,1.0,0.39932910578071873,0.29884770186430504,0.0,1.0
83,3494,570,8.313251287922139,31.47252432741843,113,129,1293,0.3683760683760684,397,0.11310541310541311,0.30703789636504253,0.03219373219373219,0.03675213675213675,0.35634359362593937,0.3048946172500257,0.0,1.0,0.5200712742581752,0.27564371953453154,0.0,1.0,0.5456266041324298,0.24772444820855308,0.0,1.0,0.3991727754491571,0.2991800147768887,0.0,1.0
84,3491,578,8.278630764823818,31.83128043540533,108,111,1274,0.3646250715512307,392,0.11219232970807098,0.3076923076923077,0.030910131654264452,0.03176874642243847,0.3546908640651999,0.30449378548907496,0.0,1.0,0.5199730181757699,0.2753844231417621,0.0,1.0,0.545485626634387,0.2467329464839245,0.0,1.0,0.4001995915764962,0.29925758612040654,0.0,1.0
85,3484,585,8.247531572904693,32.18025258323766,113,120,1268,0.3632197078201089,393,0.11257519335433973,0.3099369085173502,0.03236894872529361,0.03437410484101976,0.3515703122106588,0.30361610124895677,0.0,1.0,0.5189992963223584,0.2756609273611967,0.0,1.0,0.5455353505425725,0.24685429227994204,0.0,1.0,0.4015592015110551,0.29995347299788394,0.0,1.0
86,3460,588,8.2943930635838,32.527167630057804,96,120,1248,0.3582089552238806,397,0.11394948335246843,0.31810897435897434,0.027554535017221583,0.03444316877152698,0.3500559388402014,0.3036774141235092,0.0,1.0,0.518273354465784,0.2756483278025415,0.0,1.0,0.5456274473242588,0.2461572587716648,0.0,1.0,0.40179004288644415,0.30062927635313746,0.0,1.0
87,3441,598,8.273467015402485,32.877070619006105,115,134,1322,0.38208092485549133,390,0.11271676300578035,0.2950075642965204,0.033236994219653176,0.03872832369942197,0.3482764762681516,0.3031883253726468,0.0,1.0,0.5176195967038839,0.27439938353879695,0.0,1.0,0.5450309831163109,0.24604448702418988,0.0,1.0,0.4027898866608544,0.30095586352688836,0.0,1.0
88,3431,611,8.280355581463116,33.23258525211309,98,108,1217,0.35367625690206334,387,0.11246730601569312,0.3179950698438784,0.028480092996222027,0.03138622493461203,0.3469504799691616,0.30374979957247783,0.0,1.0,0.5160726206034166,0.2735846437659017,0.0,1.0,0.5466571393649928,0.24585282517161183,0.0,1.0,0.40298605691935957,0.3011726328143627,0.0,1.0
89,3415,612,8.289926793557818,33.4696925329429,115,131,1239,0.36111920722821333,399,0.11629262605654328,0.3220338983050847,0.033517924803264355,0.03818128825415331,0.3443631039531479,0.3026964991026,0.0,1.0,0.518518868370094,0.2727140408069394,0.0,1.0,0.5473102536248996,0.24462862538472954,0.0,1.0,0.40306050158220375,0.3020327923518531,0.0,1.0
90,3418,620,8.269543592744279,33.78496196606203,101,98,1205,0.3528550512445095,392,0.11478770131771596,0.3253112033195021,0.02957540263543192,0.02869692532942899,0.34301326940863364,0.3021038493000369,0.0,1.0,0.5171671794484607,0.2729571755235207,0.0,1.0,0.5468110005851375,0.2446311879793919,0.0,1.0,0.4031503048377659,0.3012666771157209,0.0,1.0
91,3419,630,8.229745539631457,34.08160280783855,111,110,1236,0.36161497952018723,390,0.11410181392627268,0.3155339805825243,0.03247513165593915,0.03218256290228204,0.3410542603477719,0.30052575464581766,0.0,1.0,0.5166385190916039,0.272606324644474,0.0,1.0,0.5481512232401475,0.24433145906637893,0.0,1.0,0.4047306795988263,0.3010572847422889,0.0,1.0
92,3412,633,8.23144783118404,34.291617819460726,107,114,1214,0.35507458321146534,397,0.11611582334015794,0.3270181219110379,0.03129570049722141,0.03334308277274057,0.3405816284082744,0.3011129480091802,0.0,1.0,0.5170839163483719,0.27272867396156086,0.0,1.0,0.5482547366032599,0.24398590501685916,0.0,1.0,0.4055799266346481,0.3017025078358473,0.0,1.0
93,3399,642,8.2451897616946,34.76493086201824,97,110,1243,0.36430246189917936,391,0.11459554513481829,0.3145615446500402,0.028429073856975382,0.03223915592028136,0.3415520693942241,0.30297719580514004,0.0,1.0,0.5177044481773577,0.27270124018114655,0.0,1.0,0.5465744194212719,0.2437411177365345,0.0,1.0,0.4048913817156849,0.30174868817906286,0.0,1.0
94,3402,645,8.228453850676058,35.01998824221047,105,102,1206,0.35481023830538394,397,0.11679905854663136,0.32918739635157546,0.03089143865842895,0.03000882612533098,0.3402362936413116,0.3028251558713936,0.0,1.0,0.5163566023781078,0.27307423508980055,0.0,1.0,0.5458743433653828,0.2441591548757594,0.0,1.0,0.40505584950029394,0.30165356994829723,0.0,1.0
95,3403,652,8.197208345577415,35.31854246253306,108,107,1240,0.3644914756025867,393,0.11552028218694885,0.31693548387096776,0.031746031746031744,0.031452087007642564,0.33833524499255874,0.30297319456190946,0.0,1.0,0.5148872437033737,0.27210753128699705,0.0,1.0,0.5454105959637132,0.24296230000331812,0.0,1.0,0.40578995762752035,0.3025252271544765,0.0,1.0
96,3400,660,8.174852941176454,35.61911764705882,103,106,1257,0.36937995885982955,392,0.11519247722597709,0.3118536197295147,0.030267411107846018,0.031148986188657066,0.3384250474383302,0.30295505257007505,0.0,1.0,0.5145445920303605,0.2729252940288804,0.0,1.0,0.5473529411764706,0.24384666103041724,0.0,1.0,0.40511385199240985,0.30198196207606776,0.0,1.0
97,3397,666,8.146894318516322,35.88460406240801,110,113,1250,0.36764705882352944,394,0.11588235294117646,0.3152,0.03235294117647059,0.03323529411764706,0.3409270039028744,0.304883225986801,0.0,1.0,0.515483301205048,0.2728290846244689,0.0,1.0,0.546630328468193,0.24378814322546832,0.0,1.0,0.4052152278575973,0.301429069383392,0.0,1.0
98,3374,671,8.179786603438039,36.32009484291642,99,122,1275,0.37533117456579335,395,0.11627906976744186,0.30980392156862746,0.029143361789814543,0.035914041801589636,0.33940761420349164,0.3049698439973571,0.0,1.0,0.5157657226991988,0.27298853259592826,0.0,1.0,0.5468286899822169,0.2437564131959723,0.0,1.0,0.4071744077098113,0.30149295094812695,0.0,1.0
99,3358,677,8.18945801072065,36.61643835616438,108,124,1250,0.37048014226437465,394,0.11677534084173088,0.3152,0.032009484291641965,0.036751630112625965,0.33795077715229876,0.30546925278925824,0.0,1.0,0.5160617879306039,0.2724461178572811,0.0,1.0,0.5483678841092048,0.24351505135615273,0.0,1.0,0.4049933716305789,0.30102498920724347,0.0,1.0
100,3329,682,8.263592670471596,37.23790928206669,93,122,1221,0.3636092912447886,395,0.11762954139368671,0.3235053235053235,0.02769505658129839,0.03633114949374628,0.33685403928332636,0.30505356339779266,0.0,1.0,0.5172627641740715,0.2718606638091459,0.0,1.0,0.5482611265613039,0.24383034244700458,0.0,1.0,0.40635083673291406,0.3010400289865302,0.0,1.0
101,3311,691,8.292932648746586,37.51464814255512,112,130,1175,0.35295884650045056,391,0.11745268849504356,0.33276595744680854,0.03364373685791529,0.03905076599579453,0.33552868736664687,0.30456794668567827,0.0,1.0,0.5178340039555344,0.271916914693032,0.0,1.0,0.5497510741321694,0.24434636978973065,0.0,1.0,0.40684521779795596,0.30127623782353913,0.0,1.0
102,3315,704,8.266455505279017,37.7577677224736,112,108,1152,0.34793113862881303,387,0.11688311688311688,0.3359375,0.03382663847780127,0.03261854424645122,0.33845180752201626,0.30837526580120783,0.0,1.0,0.5170340096336301,0.27293688918662584,0.0,1.0,0.5497786211258697,0.24462962948680286,0.0,1.0,0.40614995377803725,0.30108265908257553,0.0,1.0
103,3316,705,8.258835946923988,38.10826296743064,112,111,1171,0.3532428355957768,399,0.12036199095022625,0.340734415029889,0.03378582202111614,0.0334841628959276,0.3361123000894976,0.30661259547468306,0.0,1.0,0.5151465037550099,0.2730403137585837,0.0,1.0,0.5489318650531149,0.24492622985503576,0.0,1.0,0.4093836336044204,0.3014459488806133,0.0,1.0
104,3298,710,8.304457246816234,38.37143723468769,104,122,1177,0.35494571773220746,395,0.11911942098914355,0.33559898045879355,0.031363088057901084,0.0367913148371532,0.33662630333144233,0.3090925806689056,0.0,1.0,0.5173027641385786,0.27262242213686066,0.0,1.0,0.5507639038322346,0.24429659340156504,0.0,1.0,0.4074023357264422,0.30163581747332496,0.0,1.0
105,3305,720,8.273010590015112,38.53464447806354,111,104,1162,0.35233474833232264,390,0.11825348696179502,0.33562822719449226,0.03365676167374166,0.031534263189812006,0.3375628324630326,0.3094797454324503,0.0,1.0,0.5169489043970523,0.2737853840681021,0.0,1.0,0.5519398760431409,0.24455508275744112,0.0,1.0,0.40896979161583136,0.301632787187339,0.0,1.0
106,3295,732,8.272169954476462,38.774506828528075,108,118,1214,0.36732223903177,388,0.11739788199697428,0.31960461285008235,0.032677760968229955,0.0357034795763994,0.33951735278280876,0.3104649642383084,0.0,1.0,0.5171667727250477,0.2756013305564436,0.0,1.0,0.5537813892016251,0.24447739351071837,0.0,1.0,0.4104753047138871,0.3026530366853381,0.0,1.0
107,3284,741,8.290834348355645,39.15012180267966,109,120,1171,0.35538694992412745,391,0.11866464339908953,0.3339026473099915,0.0330804248861912,0.036418816388467376,0.33876861419983495,0.31001772991594506,0.0,1.0,0.51563789242073,0.27620862235332355,0.0,1.0,0.5540843188872736,0.24475623317838613,0.0,1.0,0.4136281482063573,0.30458606634938584,0.0,1.0
108,3282,746,8.272090188909182,39.46678854357099,114,116,1209,0.3681485992691839,395,0.12028014616321558,0.3267162944582299,0.034713763702801465,0.03532277710109622,0.33895539698452953,0.3110143142180934,0.0,1.0,0.5159717717363528,0.27663720804898506,0.0,1.0,0.5538518999036779,0.24547889611534823,0.0,1.0,0.4116883882762281,0.30393552640142735,0.0,1.0
109,3264,758,8.31421568627449,39.82046568627451,92,110,1220,0.3717245581962218,388,0.1182205971968312,0.3180327868852459,0.028031687995124923,0.03351614868982328,0.3373260594560405,0.31074610605011593,0.0,1.0,0.5157930107526881,0.2766300096740527,0.0,1.0,0.5531210468058191,0.24508199617434814,0.0,1.0,0.41185365275142316,0.303927036968571,0.0,1.0
110,3276,765,8.239407814407794,39.78235653235653,132,120,1177,0.3606004901960784,393,0.12040441176470588,0.3338997451146984,0.04044117647058824,0.03676470588235294,0.3359624246721021,0.30875448712372766,0.0,1.0,0.5153412895348379,0.2773947862524941,0.0,1.0,0.5555260152034346,0.24547126340158204,0.0,1.0,0.41186143605498443,0.30324406599708353,0.0,1.0
111,3256,776,8.304422604422584,40.31572481572481,89,109,1177,0.3592796092796093,389,0.11874236874236874,0.33050127442650806,0.027167277167277168,0.03327228327228327,0.3344495521914877,0.30826460521070037,0.0,1.0,0.5158219069509392,0.2775016794237236,0.0,1.0,0.5554113497661884,0.24494874852516704,0.0,1.0,0.411894665926924,0.3032346054464661,0.0,1.0
112,3261,788,8.279147500766618,40.612388837779825,108,103,1165,0.3578009828009828,388,0.11916461916461916,0.33304721030042916,0.033169533169533166,0.03163390663390663,0.3321264998862411,0.30772358593983223,0.0,1.0,0.5142792137776855,0.2773369373365287,0.0,1.0,0.5565975210453947,0.2451153306660929,0.0,1.0,0.41097624912207814,0.30203591919083295,0.0,1.0
113,3253,802,8.278173993236992,41.01475561020597,106,114,1202,0.36859858938975776,386,0.11836859858938976,0.3211314475873544,0.032505366452008584,0.034958601655933765,0.3309699235445197,0.3073473380533742,0.0,1.0,0.5145919895282767,0.2774318852646863,0.0,1.0,0.5567466259432979,0.24523256092263018,0.0,1.0,0.4132066677905259,0.3020741351568633,0.0,1.0
114,3262,813,8.256192519926406,41.23329245861435,108,99,1121,0.34460498001844453,389,0.11958192437749769,0.3470115967885816,0.033200122963418385,0.030433446049800184,0.3333992602994403,0.3077031948816338,0.0,1.0,0.516702596863195,0.2776098540479092,0.0,1.0,0.5569411206265699,0.24515381087034518,0.0,1.0,0.4133225213108918,0.30156728001291316,0.0,1.0
115,3277,821,8.201800427219998,41.30820872749466,117,102,1156,0.3543838136112814,392,0.12017167381974249,0.3391003460207612,0.035867565910484366,0.03126916002452483,0.33432427377518775,0.30797384357977836,0.0,1.0,0.5163062202840915,0.27818918119000324,0.0,1.0,0.5569413409196058,0.24565882708251435,0.0,1.0,0.41419669839644835,0.30096825146338874,0.0,1.0
116,3259,825,8.235532371893198,41.76557226142989,113,131,1188,0.36252670125114433,396,0.12084223375038144,0.3333333333333333,0.034482758620689655,0.039975587427525175,0.33324095061813935,0.3085233949975776,0.0,1.0,0.5154064674499401,0.27807905594227533,0.0,1.0,0.5576319670589632,0.24526317060470218,0.0,1.0,0.41344564431994774,0.30109781847892847,0.0,1.0
117,3249,827,8.264173591874403,42.07356109572176,105,115,1182,0.36268794108622276,398,0.12212335072108009,0.33671742808798644,0.032218471923903036,0.03528689782141761,0.33221140003375726,0.3077854948687757,0.0,1.0,0.5155134582352883,0.278361421994937,0.0,1.0,0.5585341395367309,0.24560263887195483,0.0,1.0,0.41312959818902095,0.3001920998665676,0.0,1.0
118,3253,831,8.251214263756511,42.3449123885644,111,107,1155,0.3554939981532779,396,0.12188365650969529,0.34285714285714286,0.034164358264081256,0.032933210218528776,0.33182273434943427,0.30737595572532245,0.0,1.0,0.5159802861874399,0.2785430814011337,0.0,1.0,0.5589183185744176,0.24656774137309223,0.0,1.0,0.4138710669059825,0.29930879895499973,0.0,1.0
119,3247,835,8.261133353865086,42.642747151216504,107,113,1189,0.3655087611435598,396,0.12173378419920074,0.3330529857022708,0.032892714417460805,0.03473716569320627,0.3321080501107722,0.3080942888532896,0.0,1.0,0.5149070606117806,0.27859644532085187,0.0,1.0,0.5585503243688963,0.24641299080534504,0.0,1.0,0.41255948418887906,0.2997129740586958,0.0,1.0
120,3228,845,8.300960346964043,43.16449814126394,106,125,1183,0.36433631044040654,390,0.1201108715737604,0.32967032967032966,0.03264551894056052,0.0384970742223591,0.32795698924731187,0.30718882076705745,0.0,1.0,0.5107626813766639,0.2786788850569766,0.0,1.0,0.5599392413159052,0.2459743470917574,0.0,1.0,0.41263940520446096,0.3004136184061537,0.0,1.0
121,3228,852,8.283612143742234,43.344175960346966,113,113,1183,0.36648079306071873,393,0.12174721189591078,0.3322062552831784,0.03500619578686493,0.03500619578686493,0.32927609225726506,0.30845106063856,0.0,1.0,0.5103729463964504,0.27845296893961896,0.0,1.0,0.5605688132070192,0.24614770294099256,0.0,1.0,0.4135587800295799,0.30003979119641777,0.0,1.0
122,3232,858,8.273112623762353,43.64263613861386,112,108,1146,0.3550185873605948,394,0.12205700123915737,0.343804537521815,0.03469640644361834,0.03345724907063197,0.32805014372404984,0.3076684791401835,0.0,1.0,0.5112084797189397,0.27803439737815566,0.0,1.0,0.5592462472053658,0.24556113184766287,0.0,1.0,0.4142147077610987,0.3003428324896218,0.0,1.0
123,3234,870,8.24659863945576,43.81106988249845,114,112,1169,0.36169554455445546,388,0.12004950495049505,0.3319076133447391,0.03527227722772277,0.034653465346534656,0.3269595228120573,0.3065444723325102,0.0,1.0,0.5116005346420093,0.278664337222108,0.0,1.0,0.560576136613003,0.2454134243891189,0.0,1.0,0.41242244698465896,0.29909823368621286,0.0,1.0
124,3221,877,8.288140329090323,44.06054020490531,107,120,1133,0.35034013605442177,393,0.12152133580705009,0.3468667255075022,0.03308596165739023,0.03710575139146568,0.3281389270012319,0.30751037462237796,0.0,1.0,0.5118426455418573,0.27895111713072224,0.0,1.0,0.5595236902985449,0.24599738840541746,0.0,1.0,0.41266487065727936,0.2989672097639846,0.0,1.0
125,3220,886,8.273229813664573,44.301863354037266,114,115,1174,0.36448307978888544,391,0.12139087239987581,0.3330494037478705,0.03539273517541136,0.035703197764669355,0.3264175515928671,0.30724908860128264,0.0,1.0,0.5095872570627128,0.2790902320387284,0.0,1.0,0.5602284111400521,0.24540957921372997,0.0,1.0,0.4130234421959527,0.30060808974762077,0.0,1.0
126,3213,894,8.302240896358521,44.68689698101463,102,109,1143,0.3549689440993789,392,0.12173913043478261,0.3429571303587052,0.031677018633540374,0.033850931677018636,0.32676726604620343,0.3071354781246645,0.0,1.0,0.5095730048291718,0.279041307623573,0.0,1.0,0.5601437707699567,0.2455845415793688,0.0,1.0,0.4139031956868769,0.2998222864001783,0.0,1.0
127,3229,904,8.255744812635468,44.81635181170641,108,92,1149,0.357609710550887,390,0.12138188608776844,0.3394255874673629,0.03361344537815126,0.028633675692499222,0.32675651105405645,0.30679457554721473,0.0,1.0,0.5103447586888981,0.27882274835000165,0.0,1.0,0.560295307645431,0.24530645082772226,0.0,1.0,0.41380033766571095,0.30071352628974873,0.0,1.0
128,3226,916,8.271760694358315,45.093924364538125,110,113,1085,0.3360173428305977,388,0.12016104056983586,0.3576036866359447,0.03406627438835553,0.034995354598947044,0.32666040037597743,0.30662097659936116,0.0,1.0,0.5096194228346299,0.2791664631536889,0.0,1.0,0.5593264404135752,0.2453107378415985,0.0,1.0,0.4152850828950263,0.3014110653863001,0.0,1.0
129,3247,927,8.191592238989815,45.124422543886666,120,99,1157,0.3586484810911345,389,0.12058276503409796,0.3362143474503025,0.037197768133911964,0.03068815871047737,0.32706120786433135,0.30606475469899647,0.0,1.0,0.509969500382487,0.2784890267913077,0.0,1.0,0.5578350238930229,0.2442981591217612,0.0,1.0,0.4151325789562574,0.3017353434185807,0.0,1.0
130,3263,938,8.151425068954927,45.203493717437944,109,93,1122,0.34554973821989526,389,0.11980289497998152,0.34670231729055256,0.033569448721897134,0.028641823221435173,0.32803772503039946,0.3074380379817337,0.0,1.0,0.5106126363034215,0.27875025551429017,0.0,1.0,0.5576601781459769,0.245218178605767,0.0,1.0,0.4125730329303135,0.30072140064751873,0.0,1.0
131,3264,950,8.14613970588233,45.47181372549019,110,109,1125,0.3447747471651854,388,0.11890897946674839,0.3448888888888889,0.03371130861170702,0.03340484216978241,0.3234799968374446,0.30479640491249427,0.0,1.0,0.5077284946236559,0.2785096304123687,0.0,1.0,0.5577759329538267,0.2440670768554592,0.0,1.0,0.4124960468058191,0.301333407597651,0.0,1.0
132,3239,959,8.217104044458143,45.936400123494906,97,122,1178,0.36090686274509803,391,0.11979166666666667,0.33191850594227507,0.02971813725490196,0.037377450980392156,0.3238355127528409,0.3051801376458533,0.0,1.0,0.5084205599099683,0.2779969716860676,0.0,1.0,0.5578981963768188,0.24432826575828553,0.0,1.0,0.41153681442898543,0.30107412678428724,0.0,1.0
133,3252,971,8.152982779827775,45.98862238622386,123,110,1156,0.3569002778635381,388,0.11979005866008027,0.3356401384083045,0.0379746835443038,0.03396109910466193,0.32662778240685636,0.3070513158729262,0.0,1.0,0.5073106376225053,0.2788872724394246,0.0,1.0,0.5587826846010396,0.2445410280430539,0.0,1.0,0.4105066857120184,0.3011454040516402,0.0,1.0
134,3236,981,8.190791100123585,46.40173053152039,103,119,1172,0.36039360393603936,390,0.11992619926199262,0.33276450511945393,0.03167281672816728,0.036592865928659284,0.32472387256270185,0.30630137460176493,0.0,1.0,0.5062901232106543,0.2782546392903362,0.0,1.0,0.5596016587583237,0.24375941802644222,0.0,1.0,0.40960564615814027,0.30185440351243664,0.0,1.0
135,3255,994,8.131367127496135,46.50506912442396,112,93,1137,0.35135970333745364,387,0.1195920889987639,0.3403693931398417,0.034610630407911,0.028739184177997527,0.32647539765125616,0.3075771309849247,0.0,1.0,0.5073683167335613,0.27820422525126187,0.0,1.0,0.5589217580892919,0.24375485004172298,0.0,1.0,0.4110004459640256,0.3030237768302107,0.0,1.0
136,3244,1006,8.163347718865573,46.86528976572133,104,115,1131,0.3474654377880184,388,0.11920122887864823,0.34305923961096374,0.03195084485407066,0.03533026113671275,0.32581241796269045,0.3074002804428478,0.0,1.0,0.5081241796269043,0.2784874254295559,0.0,1.0,0.559693329620938,0.24382901212507058,0.0,1.0,0.4093910345650531,0.30233730868838177,0.0,1.0
137,3231,1021,8.207830393067137,47.31507273290003,97,110,1126,0.3471023427866831,385,0.1186806411837238,0.3419182948490231,0.029901356350184958,0.03390875462392109,0.32498677129820985,0.30698779238196644,0.0,1.0,0.5074629845948023,0.2785397350058192,0.0,1.0,0.5579616816924751,0.24339843636417674,0.0,1.0,0.40852227913059974,0.3023980750072494,0.0,1.0
138,3243,1033,8.147980265186531,47.296022201665124,127,115,1129,0.34942742185082015,388,0.12008666047663262,0.3436669619131975,0.039306716186939025,0.03559269575982668,0.3252563834760725,0.3084948935582023,0.0,1.0,0.5070971720728517,0.2789335778747207,0.0,1.0,0.557259805238081,0.24319870341493494,0.0,1.0,0.40699073935921537,0.3029193555160953,0.0,1.0
139,3257,1040,8.122843107153798,47.41449186367823,113,99,1089,0.33580018501387604,393,0.1211840888066605,0.3608815426997245,0.03484427998766574,0.030527289546716005,0.3235710677746194,0.3074896316790097,0.0,1.0,0.5063238483861063,0.2782561279696558,0.0,1.0,0.5578456327314866,0.24307819581216333,0.0,1.0,0.4067764715203977,0.3027377198838507,0.0,1.0
140,3256,1051,8.109735872235847,47.61271498771499,118,119,1137,0.34909425852011056,389,0.11943506294135707,0.34212840809146877,0.03622965919557875,0.03653669020571078,0.320896409606087,0.30547765332415683,0.0,1.0,0.5061127843385909,0.2779633300159235,0.0,1.0,0.5580169612427677,0.2435521222550167,0.0,1.0,0.4092989617183166,0.30264474274252745,0.0,1.0
141,3250,1063,8.10738461538459,47.88923076923077,114,120,1156,0.35503685503685506,388,0.11916461916461916,0.3356401384083045,0.03501228501228501,0.036855036855036855,0.3216476426799007,0.3062586730914876,0.0,1.0,0.5063027295285359,0.278258544206483,0.0,1.0,0.5557915632754342,0.2440308037052484,0.0,1.0,0.40947890818858557,0.30215659489041874,0.0,1.0
142,3220,1075,8.205590062111776,48.50310559006211,93,123,1134,0.34892307692307695,388,0.11938461538461538,0.3421516754850088,0.028615384615384615,0.03784615384615385,0.3208074534161491,0.3064158994348305,0.0,1.0,0.5040172310158285,0.278224208963581,0.0,1.0,0.5580144259667401,0.2436280819266339,0.0,1.0,0.40749348827890197,0.30301441675748575,0.0,1.0
143,3211,1090,8.197508564310159,48.80037371535347,122,131,1154,0.35838509316770184,385,0.11956521739130435,0.33362218370883884,0.037888198757763975,0.040683229813664595,0.31802975658271465,0.3063111158958541,0.0,1.0,0.5013813403522167,0.27820633387927846,0.0,1.0,0.5574687817080399,0.2438784658407004,0.0,1.0,0.4075205191830502,0.3034073699323338,0.0,1.0
144,3228,1098,8.167905824039627,49.045848822800494,104,87,1116,0.3475552787293678,392,0.12208034880099658,0.35125448028673834,0.032388663967611336,0.02709436312675179,0.31750409721389455,0.30531715387132513,0.0,1.0,0.5018187632409961,0.27852098587358265,0.0,1.0,0.5570911779989607,0.24418811206475477,0.0,1.0,0.40892193308550184,0.3030877143366665,0.0,1.0
145,3220,1109,8.196428571428546,49.32453416149068,100,108,1144,0.3543990086741016,389,0.12050805452292442,0.34003496503496505,0.030978934324659233,0.03345724907063197,0.3174413945101182,0.3060571074767674,0.0,1.0,0.49954918853937086,0.27951705777574665,0.0,1.0,0.5577639751552795,0.2439804845697257,0.0,1.0,0.4077539571228211,0.3023582996153615,0.0,1.0
146,3225,1119,8.174697674418578,49.41891472868217,118,113,1121,0.3481366459627329,390,0.12111801242236025,0.3479036574487065,0.03664596273291926,0.035093167701863354,0.31648912228057013,0.30510291292570635,0.0,1.0,0.49834458614653665,0.2802237666077789,0.0,1.0,0.5574793698424606,0.24402335826304933,0.0,1.0,0.40939234808702174,0.3029476296277451,0.0,1.0
147,3221,1135,8.19211425023282,49.72741384663148,103,107,1118,0.3466666666666667,384,0.11906976744186047,0.3434704830053667,0.03193798449612403,0.03317829457364341,0.3163914232205987,0.30547607043137953,0.0,1.0,0.4987130824929144,0.2796999991844449,0.0,1.0,0.5565292285505403,0.2442112167119474,0.0,1.0,0.40781764829596096,0.3026875187422758,0.0,1.0
148,3229,1143,8.159120470733946,49.76834933415918,120,112,1136,0.35268550139708166,392,0.12170133498913381,0.34507042253521125,0.03725551071095933,0.03477180999689537,0.3174657089481413,0.3053684352400135,0.0,1.0,0.49970529176115647,0.28067155374101327,0.0,1.0,0.5574880867940738,0.24498307227304517,0.0,1.0,0.4100540464939709,0.30169052618595643,0.0,1.0
149,3225,1152,8.176620155038732,50.20589147286822,103,107,1148,0.3555280272530195,391,0.12109012078042737,0.3405923344947735,0.03189842056364199,0.033137194177764014,0.3153988497124281,0.3043459052227597,0.0,1.0,0.4985546386596649,0.2806391398950351,0.0,1.0,0.5577494373593398,0.2449192302894843,0.0,1.0,0.41040260065016254,0.30170652582383034,0.0,1.0
150,3220,1161,8.199254658385065,50.40496894409938,108,113,1108,0.3435658914728682,391,0.12124031007751938,0.3528880866425993,0.03348837209302326,0.03503875968992248,0.3142857142857143,0.30426732427580866,0.0,1.0,0.4984472049689441,0.2800929000044319,0.0,1.0,0.557162893207774,0.24492818410367592,0.0,1.0,0.4120717291124023,0.3027691414971126,0.0,1.0
151,3205,1168,8.25329173166924,50.899219968798754,103,118,1130,0.35093167701863354,393,0.12204968944099379,0.347787610619469,0.031987577639751553,0.03664596273291926,0.3154244879472598,0.3056613035138832,0.0,1.0,0.49666347944240347,0.28091488270449627,0.0,1.0,0.5587640279804741,0.2445702856433566,0.0,1.0,0.41268179759448437,0.3025043691009437,0.0,1.0
152,3196,1181,8.283385481852287,51.34637046307885,103,112,1130,0.35257410296411856,387,0.12074882995319813,0.3424778761061947,0.032137285491419657,0.03494539781591264,0.3143041705357503,0.30567004164056444,0.0,1.0,0.4967600629819532,0.28080145855583977,0.0,1.0,0.5596007105656264,0.24486484193659272,0.0,1.0,0.4122693689692761,0.3021249558241834,0.0,1.0
153,3211,1191,8.22510121457487,51.42696979134226,121,106,1138,0.35607008760951186,390,0.12202753441802253,0.3427065026362039,0.03785982478097622,0.03316645807259074,0.3133683607759617,0.3048114908837094,0.0,1.0,0.49623773118614445,0.28037163631380196,0.0,1.0,0.5583327473101536,0.24431079173089956,0.0,1.0,0.4137993389658533,0.3024155856174786,0.0,1.0
154,3202,1200,8.277638975640196,51.78326046221112,102,111,1084,0.33758953597010277,391,0.12176891933976955,0.3607011070110701,0.031765805045157275,0.03456867019620056,0.31011867582760777,0.3044666997012934,0.0,1.0,0.495033346094175,0.27930288201387665,0.0,1.0,0.5584110737240837,0.2437336615772365,0.0,1.0,0.4110636497350446,0.30238587156996694,0.0,1.0
155,3212,1212,8.25647571606473,51.99003735990038,107,97,1120,0.3497813866333542,388,0.12117426608369769,0.3464285714285714,0.033416614615865085,0.030293566520924423,0.31161370666452415,0.3058069931697444,0.0,1.0,0.4946872614791307,0.27923536961317247,0.0,1.0,0.5585003816333909,0.24286187852766897,0.0,1.0,0.41166191298758686,0.30379313370245653,0.0,1.0
156,3220,1220,8.236521739130406,52.022981366459625,124,116,1070,0.3331257783312578,392,0.12204234122042341,0.3663551401869159,0.038605230386052306,0.0361145703611457,0.3124824684431977,0.30579892963390554,0.0,1.0,0.4956020837507513,0.27966545451638497,0.0,1.0,0.5588960128230815,0.2429247526856654,0.0,1.0,0.410108194750551,0.3032690864727004,0.0,1.0
157,3223,1231,8.24948805460748,52.193298169407385,102,99,1092,0.3391304347826087,389,0.12080745341614907,0.35622710622710624,0.031677018633540374,0.030745341614906833,0.31495400998869016,0.3069296003191384,0.0,1.0,0.4963017825508192,0.28039455489871745,0.0,1.0,0.5596969363346112,0.24340965660591155,0.0,1.0,0.4118883428582867,0.3033913573579438,0.0,1.0
158,3220,1242,8.256149068322951,52.593788819875776,105,108,1147,0.3558796152652808,389,0.12069500465404902,0.33914559721011334,0.032578343158547934,0.033509152963077875,0.31458625525946704,0.3065229091592175,0.0,1.0,0.4977659787617712,0.28035238772823584,0.0,1.0,0.559447004608295,0.24406362858898606,0.0,1.0,0.41169104387898214,0.30363267756568496,0.0,1.0
159,3197,1250,8.319236784485424,53.110416015014074,103,126,1174,0.36459627329192545,392,0.12173913043478261,0.3339011925042589,0.031987577639751553,0.0391304347826087,0.3118447738303046,0.30589808925155726,0.0,1.0,0.4950608937814685,0.28072365105752817,0.0,1.0,0.559455941558114,0.2432766642248201,0.0,1.0,0.4121605941053609,0.3042208751388788,0.0,1.0
160,3196,1258,8.336827284105102,53.509073842302875,107,108,1110,0.3472005004691899,392,0.12261495151704724,0.35315315315315315,0.03346887707225524,0.03378167031592118,0.30961080382736483,0.30337490652547827,0.0,1.0,0.49488271629859903,0.28102272690028546,0.0,1.0,0.5599640679882111,0.24389529985648165,0.0,1.0,0.41320804231095315,0.30425400253265533,0.0,1.0
161,3216,1271,8.282649253731313,53.44838308457712,123,103,1055,0.33010012515644555,387,0.12108886107634544,0.36682464454976305,0.03848560700876095,0.032227784730913644,0.3127206708393516,0.30429461226796933,0.0,1.0,0.49734191943508266,0.2813240638867923,0.0,1.0,0.5595911571176376,0.24435414154143145,0.0,1.0,0.4132863906275076,0.3033748540235298,0.0,1.0
162,3239,1284,8.213337449830163,53.45785736338376,119,96,1097,0.34110696517412936,387,0.12033582089552239,0.3527803099361896,0.03700248756218905,0.029850746268656716,0.31343803842285056,0.3054845990331369,0.0,1.0,0.49523449093208777,0.281503066187436,0.0,1.0,0.55736039598044,0.24388404642435757,0.0,1.0,0.41302074515232695,0.30419532579490594,0.0,1.0
163,3240,1297,8.202716049382685,53.796913580246915,114,113,1119,0.3454769990737882,387,0.11948132139549243,0.34584450402144773,0.03519604816301328,0.03488731089842544,0.31282357626443646,0.3054331207877957,0.0,1.0,0.4914277180406213,0.2815452666789868,0.0,1.0,0.5577459179609717,0.24453750366991606,0.0,1.0,0.4137495021903624,0.30399736716604053,0.0,1.0
164,3251,1310,8.153460473700369,53.88219009535528,118,107,1141,0.35216049382716047,387,0.11944444444444445,0.33917616126205086,0.03641975308641975,0.03302469135802469,0.31741101993431303,0.3080542183097921,0.0,1.0,0.4960260366537343,0.28208605438413237,0.0,1.0,0.5583492920292515,0.24550714376875357,0.0,1.0,0.4157033567835207,0.3040132978657199,0.0,1.0
165,3245,1323,8.171402157164838,54.319876733436054,98,104,1161,0.3571208858812673,387,0.11904029529375577,0.3333333333333333,0.03014457090126115,0.03199015687480775,0.3163775535563398,0.30848159078536574,0.0,1.0,0.49494507679308114,0.2813079685886187,0.0,1.0,0.558347830409066,0.24476162987289393,0.0,1.0,0.41506039067548084,0.30432907865797204,0.0,1.0
166,3257,1327,8.115228738102518,54.34663801043905,127,115,1156,0.3562403697996918,396,0.12203389830508475,0.34256055363321797,0.03913713405238829,0.03543913713405239,0.31795537155704334,0.3092918016547115,0.0,1.0,0.49635029266988223,0.28161582017451536,0.0,1.0,0.5580041003496192,0.24470422638081352,0.0,1.0,0.41610625253795797,0.30355986287604614,0.0,1.0
167,3271,1335,8.104830327117059,54.48822989911342,98,84,1108,0.3401903592262819,392,0.12035615597175314,0.35379061371841153,0.030089038992938286,0.02579060485108996,0.3169002278084042,0.30887469930038697,0.0,1.0,0.4958432362599975,0.28123819774969616,0.0,1.0,0.556641453240106,0.24424727861074008,0.0,1.0,0.41654421554028065,0.3042431255596222,0.0,1.0
168,3262,1350,8.129061925199233,54.98160637645616,101,110,1134,0.3466829715683277,385,0.11770100886579028,0.3395061728395062,0.03087740752063589,0.03362885967594008,0.31396728703941773,0.3082145630427805,0.0,1.0,0.4940270168707106,0.2812587944160073,0.0,1.0,0.5563378888866913,0.24371839278273139,0.0,1.0,0.41610134293229956,0.30438581214124766,0.0,1.0
169,3251,1359,8.152476161181143,55.4238695785912,118,129,1110,0.3402820355610055,391,0.11986511342734518,0.35225225225225226,0.036174126302881665,0.039546290619251995,0.3137099254819857,0.30823945029519445,0.0,1.0,0.495916889096159,0.28046403068798126,0.0,1.0,0.5549855627548843,0.24430018398967912,0.0,1.0,0.4165864597493575,0.30389783731455067,0.0,1.0
170,3238,1364,8.203705991352654,55.67140210006177,106,119,1117,0.34358658874192555,395,0.1215010765918179,0.35362578334825423,0.032605352199323284,0.036604121808674256,0.31461077128454445,0.3089679661535588,0.0,1.0,0.4952678873856821,0.2803699739108477,0.0,1.0,0.5553208870469625,0.24367390767182634,0.0,1.0,0.4162465878977465,0.30449296369907,0.0,1.0
171,3248,1375,8.138023399014747,55.504002463054185,129,119,1166,0.36009882643607166,389,0.12013588634959851,0.33361921097770153,0.03983940704138357,0.036751080914144536,0.31548943270300334,0.30882033183518737,0.0,1.0,0.4976064675035754,0.28033962346656,0.0,1.0,0.5541375337676784,0.24379403285510495,0.0,1.0,0.41708048625456856,0.3050048934074864,0.0,1.0
172,3243,1380,8.16574159728643,55.92506938020352,103,108,1133,0.34883004926108374,395,0.12161330049261083,0.34863195057369817,0.031711822660098525,0.0332512315270936,0.312384988013886,0.3074751146193485,0.0,1.0,0.4957973998587528,0.2803838092226181,0.0,1.0,0.5548426884704525,0.24387359601441683,0.0,1.0,0.41652989565615267,0.30485087827902574,0.0,1.0
173,3240,1390,8.186296296296264,56.4179012345679,108,111,1094,0.33734196731421523,390,0.12025901942645699,0.35648994515539306,0.03330249768732655,0.034227567067530065,0.3099661489446436,0.30691948000245134,0.0,1.0,0.4957885304659498,0.2808220139518907,0.0,1.0,0.5570987654320988,0.24371883285131327,0.0,1.0,0.41633811230585427,0.30576263696673556,0.0,1.0
174,3244,1402,8.166646115906255,56.57953144266338,117,113,1114,0.34382716049382717,388,0.11975308641975309,0.348294434470377,0.03611111111111111,0.03487654320987654,0.31088659957837794,0.3082262689262297,0.0,1.0,0.4948788830993198,0.28034261249734005,0.0,1.0,0.5572471262081858,0.2427781072545508,0.0,1.0,0.41551648701324534,0.306071975624788,0.0,1.0
175,3220,1414,8.23229813664593,57.29192546583851,97,121,1173,0.3615906288532676,388,0.11960542540073983,0.3307757885763001,0.029901356350184958,0.03729963008631319,0.3077739931877379,0.30632007892244634,0.0,1.0,0.4947605690242436,0.279787281326119,0.0,1.0,0.5561610899619315,0.2425904370707554,0.0,1.0,0.415928671608896,0.30606260083762393,0.0,1.0
176,3225,1427,8.212434108527098,57.41054263565891,115,110,1109,0.34440993788819874,387,0.12018633540372671,0.3489630297565374,0.03571428571428571,0.034161490683229816,0.3083570892723181,0.30624451601651353,0.0,1.0,0.4944836209052263,0.28033438813830147,0.0,1.0,0.5565991497874468,0.2425839405363998,0.0,1.0,0.41697424356089025,0.30674743146843475,0.0,1.0
177,3234,1440,8.176623376623343,57.70810142238714,117,108,1122,0.347906976744186,387,0.12,0.3449197860962567,0.03627906976744186,0.03348837209302326,0.3056735890837273,0.30526290971721437,0.0,1.0,0.4934865441777884,0.27966615909760667,0.0,1.0,0.5572346240549005,0.24199214632441438,0.0,1.0,0.41747960181139904,0.3076256243497739,0.0,1.0
178,3240,1446,8.181820987654287,58.05833333333333,99,93,1131,0.349721706864564,394,0.12183055040197897,0.34836427939876213,0.030612244897959183,0.0287569573283859,0.3047590601354042,0.3052014367378419,0.0,1.0,0.49448426921545197,0.2793741116931639,0.0,1.0,0.558452807646356,0.24219919953173014,0.0,1.0,0.4155714854639586,0.30729172406300465,0.0,1.0
179,3251,1459,8.130729006459518,58.08059058751154,128,117,1098,0.3388888888888889,387,0.11944444444444445,0.3524590163934426,0.03950617283950617,0.03611111111111111,0.3068137843442712,0.307167073039493,0.0,1.0,0.4940713031226124,0.2807060273846786,0.0,1.0,0.5599071253510086,0.24324806596258391,0.0,1.0,0.41633839711850446,0.30844364751005043,0.0,1.0
180,3244,1469,8.151911220715133,58.36683107274969,103,110,1139,0.3503537373115964,390,0.11996308828052907,0.3424056189640035,0.031682559212549984,0.033835742848354354,0.3067300425599618,0.30747765567924457,0.0,1.0,0.49444135078159185,0.28011335177451246,0.0,1.0,0.5595242830436339,0.2430811721082659,0.0,1.0,0.41540710393381325,0.30893870758112696,0.0,1.0
181,3230,1478,8.206222910216685,58.758204334365324,102,116,1119,0.34494451294697903,391,0.12053020961775586,0.3494191242180518,0.031442663378545004,0.035758323057953144,0.3053130929791271,0.3065630143701008,0.0,1.0,0.49215020473384596,0.28005998464654647,0.0,1.0,0.5594127634075702,0.24258254798940923,0.0,1.0,0.4146409667432338,0.3078411398918463,0.0,1.0
182,3223,1482,8.235339745578619,59.13589823146137,113,120,1110,0.34365325077399383,396,0.12260061919504645,0.3567567567567568,0.03498452012383901,0.03715170278637771,0.3034840311070631,0.3045041165819469,0.0,1.0,0.48940578303123716,0.28103100591031144,0.0,1.0,0.5608579464133797,0.24312197657779233,0.0,1.0,0.4171228969203206,0.3085608380395219,0.0,1.0
183,3216,1491,8.272294776119368,59.36349502487562,104,111,1101,0.34160719826248837,391,0.12131554452373565,0.35513169845594916,0.032268073223704626,0.03443996276760782,0.3034224041084898,0.3040888442250432,0.0,1.0,0.4916145081046381,0.2801961055713848,0.0,1.0,0.5613164018616594,0.24277548892722634,0.0,1.0,0.41842200288878184,0.3081469917825105,0.0,1.0
184,3228,1504,8.225991325898354,59.394361833952914,129,117,1067,0.33177860696517414,387,0.12033582089552239,0.3626991565135895,0.04011194029850746,0.036380597014925374,0.3021045688931526,0.3040742015080318,0.0,1.0,0.4904964624055642,0.2797325189057721,0.0,1.0,0.5615181676460007,0.24243869730693096,0.0,1.0,0.4168065715313587,0.3080347893310438,0.0,1.0
185,3244,1507,8.20853884093708,59.46208384710234,109,93,1079,0.3342627013630731,397,0.12298636926889715,0.36793327154772937,0.03376703841387856,0.028810408921933085,0.3002267212919136,0.30233714712228116,0.0,1.0,0.4902151863489917,0.27971561677940665,0.0,1.0,0.56253728968617,0.24236983704386686,0.0,1.0,0.4191957360486854,0.30796506668492585,0.0,1.0
186,3235,1513,8.267140649149889,59.894281298299845,100,109,1080,0.33292231812577067,394,0.12145499383477189,0.3648148148148148,0.030826140567200986,0.033600493218249074,0.3007927406890362,0.3021049001058644,0.0,1.0,0.490242807997208,0.27969546924111144,0.0,1.0,0.5628857755397119,0.2424147993679142,0.0,1.0,0.42063120107693075,0.30862098528030635,0.0,1.0
187,3263,1523,8.192920625191507,59.72877719889672,119,91,1085,0.33539412673879443,390,0.1205564142194745,0.35944700460829493,0.03678516228748068,0.02812982998454405,0.3028580467213034,0.30292096199670865,0.0,1.0,0.4905539133787431,0.28066872889466243,0.0,1.0,0.5642640356687395,0.2427985099633204,0.0,1.0,0.4193548387096774,0.30753002264551615,0.0,1.0
188,3260,1533,8.20917177914107,60.13834355828221,101,104,1135,0.3478394115844315,390,0.11952191235059761,0.3436123348017621,0.030953110634385536,0.03187250996015936,0.3010191965169206,0.30217074454652737,0.0,1.0,0.48851177518305955,0.28053943843740814,0.0,1.0,0.5622699386503067,0.24284951264252005,0.0,1.0,0.4165644171779141,0.3074066207886628,0.0,1.0
189,3287,1542,8.124459993915389,59.954061454213566,125,98,1106,0.3392638036809816,391,0.11993865030674847,0.3535262206148282,0.03834355828220859,0.030061349693251534,0.3047489131181487,0.3041625576469754,0.0,1.0,0.49067195305062955,0.2800748519108765,0.0,1.0,0.5624110621509957,0.24325609413566618,0.0,1.0,0.41591999764468035,0.3062102949280179,0.0,1.0
190,3302,1552,8.097607510599602,59.92943670502726,109,94,1083,0.32947976878612717,390,0.1186492242166109,0.3601108033240997,0.03316093702464253,0.02859750532400365,0.3057482268810692,0.3045237988539769,0.0,1.0,0.4906801352064243,0.2796121518618123,0.0,1.0,0.5610382759227057,0.24386833882579206,0.0,1.0,0.4175963736542858,0.30679010415505115,0.0,1.0
191,3310,1556,8.081208459214466,60.2,106,98,1155,0.3497880072683222,396,0.11992731677771049,0.34285714285714286,0.03210175651120533,0.029678982434887948,0.3068024559009843,0.304990184993862,0.0,1.0,0.4923886560764058,0.2796078101680852,0.0,1.0,0.5610369359711529,0.24395125277044682,0.0,1.0,0.4165286034499562,0.30648602443505013,0.0,1.0
192,3309,1565,8.086733152009636,60.278029616198246,115,116,1092,0.32990936555891237,391,0.11812688821752265,0.35805860805860806,0.03474320241691843,0.035045317220543805,0.30686592772399807,0.3048071059358518,0.0,1.0,0.49314187114321645,0.2799526473574362,0.0,1.0,0.5630197213854687,0.24495102154209686,0.0,1.0,0.41682020686495286,0.3056780977650698,0.0,1.0
193,3309,1575,8.070293139921391,60.511937141130254,118,118,1140,0.3445149592021759,390,0.11786038077969176,0.34210526315789475,0.03566032033847084,0.03566032033847084,0.3065149786993439,0.30422494440866554,0.0,1.0,0.4940387408728882,0.2793198299763505,0.0,1.0,0.5612064847580889,0.24400062764151237,0.0,1.0,0.41534817067820895,0.3052098473110959,0.0,1.0
194,3325,1582,8.021293233082671,60.52390977443609,116,100,1129,0.34119069205197944,393,0.11876699909338169,0.34809565987599644,0.03505590812934421,0.030220610456331218,0.30625272859568275,0.30317219666821316,0.0,1.0,0.4950569973320398,0.2785205528683212,0.0,1.0,0.5619500363812757,0.24436869038468081,0.0,1.0,0.41597865631821485,0.30528536024519726,0.0,1.0
195,3318,1589,8.050512356841436,60.91139240506329,106,113,1109,0.3335338345864662,393,0.1181954887218045,0.35437330928764654,0.0318796992481203,0.033984962406015035,0.30428357541464934,0.30214930542324564,0.0,1.0,0.4939333838884676,0.27860544567746487,0.0,1.0,0.5623383694024772,0.2433513423667026,0.0,1.0,0.41497987516770696,0.30522594725236685,0.0,1.0
196,3317,1594,8.067772083207682,61.18842327404281,100,101,1137,0.3426763110307414,395,0.11904761904761904,0.34740545294635006,0.030138637733574444,0.030440024110910187,0.3038987814484522,0.3025455071681816,0.0,1.0,0.4924971067910179,0.2796721281445751,0.0,1.0,0.5608643644179058,0.2434604263761331,0.0,1.0,0.4138212726229492,0.305373891169271,0.0,1.0
197,3302,1598,8.101241671714076,61.54663840096911,122,137,1108,0.33403678022309313,396,0.11938498643352427,0.3574007220216607,0.03678022309315647,0.0413023816701839,0.3020652195150544,0.3021971084603215,0.0,1.0,0.492946601277818,0.27945982129391983,0.0,1.0,0.5614485844356304,0.24258858236602118,0.0,1.0,0.41332721126980715,0.3058670648190915,0.0,1.0
198,3338,1607,7.986309167165931,61.30227681246255,130,94,1113,0.33706844336765596,391,0.11841308298001212,0.35130278526504943,0.03937007874015748,0.028467595396729255,0.3044511876920698,0.30246509741043137,0.0,1.0,0.49484914667852103,0.27983097634236714,0.0,1.0,0.5612110786833916,0.24338008436906386,0.0,1.0,0.4145808770946481,0.30481168361672645,0.0,1.0
199,3321,1619,7.8821138211381765,60.492321589882565,111,128,1114,0.33373277411623725,388,0.11623726782504494,0.348294434470377,0.03325344517675255,0.03834631515877771,0.3035521753066993,0.30299211014596206,0.0,1.0,0.4937883070586978,0.2796343889983642,0.0,1.0,0.5619178055579839,0.2425411329873592,0.0,1.0,0.4108653631339181,0.3035998635587307,0.0,1.0
200,3316,1628,7.902895054282233,60.82026537997587,111,116,1097,0.33032219211081,391,0.11773562180066245,0.35642661804922515,0.03342366757000903,0.0349292381812707,0.3021129226818164,0.3019466977186836,0.0,1.0,0.4959920619479357,0.2791471714081779,0.0,1.0,0.5622300478617844,0.24243132833766706,0.0,1.0,0.4108622903614927,0.3038757510345879,0.0,1.0
201,3324,1633,7.882400722021625,60.787906137184116,114,106,1129,0.34047044632086854,395,0.11911942098914355,0.34986713906111605,0.03437876960193004,0.031966224366706875,0.30137611117580837,0.3013451664534588,0.0,1.0,0.4974088738791196,0.27921706836166466,0.0,1.0,0.5626431427351423,0.24232516133142376,0.0,1.0,0.4109506618531889,0.3045196114950375,0.0,1.0
202,3307,1645,7.908648321741724,61.094950105836105,109,126,1150,0.34596871239470517,388,0.11672683513838748,0.3373913043478261,0.03279181708784597,0.03790613718411552,0.3021255011363969,0.30214609324271285,0.0,1.0,0.49790766409473547,0.2788748053825262,0.0,1.0,0.5643746890759581,0.24270936082038191,0.0,1.0,0.41047826214188865,0.3048749509764627,0.0,1.0
203,3303,1658,7.892310021192818,61.32213139570088,117,121,1146,0.34653764741457516,387,0.11702449349863925,0.337696335078534,0.03537949803447233,0.03658905352283036,0.3020225992011173,0.302182136391545,0.0,1.0,0.4985399392536599,0.2778613835717992,0.0,1.0,0.5616692547342104,0.24295830995946727,0.0,1.0,0.4129969822155811,0.3045774059900512,0.0,1.0
204,3300,1663,7.934999999999963,61.74393939393939,96,99,1092,0.33060853769300635,395,0.11958825310323948,0.3617216117216117,0.029064486830154404,0.02997275204359673,0.30211143695014664,0.30215450080621037,0.0,1.0,0.4971652003910068,0.2787027957675611,0.0,1.0,0.5642815249266862,0.24267324817731903,0.0,1.0,0.4126001955034213,0.30447958840394623,0.0,1.0
205,3293,1671,7.948952323109591,62.059216519890676,112,119,1135,0.34393939393939393,392,0.11878787878787879,0.345374449339207,0.03393939393939394,0.036060606060606064,0.29952097802768335,0.3005081552808174,0.0,1.0,0.49590039477679926,0.2774568182719822,0.0,1.0,0.56189571231253,0.24257481766954173,0.0,1.0,0.41169440553275277,0.30558372373073667,0.0,1.0
206,3273,1681,7.982951420714904,62.44668499847235,117,137,1115,0.3385970239902824,390,0.11843303978135439,0.34977578475336324,0.035529911934406314,0.04160340115396295,0.29821708406019926,0.30110816338165386,0.0,1.0,0.4933818239161073,0.27713694686402784,0.0,1.0,0.5606575796103013,0.24300096256379952,0.0,1.0,0.4122290884361787,0.3063815978239667,0.0,1.0
207,3271,1688,7.972913482115524,62.64017120146744,118,120,1112,0.33974946532233424,393,0.12007332722273144,0.3534172661870504,0.036052551176290866,0.03666361136571952,0.2969004250451179,0.29959581658127615,0.0,1.0,0.4953402826402106,0.2758555945233628,0.0,1.0,0.5604777073204406,0.24355054673489201,0.0,1.0,0.4110018638869439,0.306168045251742,0.0,1.0
208,3260,1694,7.993190184049043,62.94846625766871,111,122,1107,0.3384286151024152,394,0.12045246102109447,0.35591689250225833,0.03393457658208499,0.037297462549679,0.2957253116960221,0.29916421681065025,0.0,1.0,0.49483475163269347,0.27642681163326194,0.0,1.0,0.5608153572135365,0.24412433766457683,0.0,1.0,0.41182465861864237,0.30633094977882686,0.0,1.0
