step,simulation_year,day_of_year,month,day_of_month,food_respawn_rate,population_size,food_count,food_respawn_count,food_consumed_count,average_energy,average_age,birth_count,gene_exchange_eligible_count,gene_exchange_event_count,gene_exchange_selected_loci_count,gene_exchange_changed_bit_count,gene_exchange_eligible_rate,gene_exchange_event_rate,gene_exchange_birth_rate,death_count,age_death_count,energy_death_count,move_count,move_rate,non_move_count,eat_count,eat_rate,eat_per_move,eat_after_move_count,eat_without_move_count,eat_after_move_rate,eat_without_move_rate,total_eat_rate,shared_food_cell_count,shared_food_consumer_count,mean_consumers_per_shared_food,birth_rate,death_rate,age_death_rate,energy_death_rate,average_exploration_tendency,std_exploration_tendency,min_exploration_tendency,max_exploration_tendency,average_site_fidelity,std_site_fidelity,min_site_fidelity,max_site_fidelity,average_risk_tolerance,std_risk_tolerance,min_risk_tolerance,max_risk_tolerance,average_reproduction_timing,std_reproduction_timing,min_reproduction_timing,max_reproduction_timing,average_gene_exchange_probability,std_gene_exchange_probability,min_gene_exchange_probability,max_gene_exchange_probability,average_gene_exchange_fraction,std_gene_exchange_fraction,min_gene_exchange_fraction,max_gene_exchange_fraction,active_lineage_count,largest_lineage_share,average_generation,max_generation
0,1,1,1,1,0.00881563,100,475,0,25,10.64,1.0,0,0,0,0,0,0.0,0.0,0.0,0,0,0,62,0.62,38,26,0.26,0.3870967741935484,24,2,0.3870967741935484,0.05263157894736842,0.26,1,2,2.0,0.0,0.0,0.0,0.0,0.5035000000000001,0.31106711494466915,0.0,1.0,0.498,0.29273879141651177,0.0,1.0,0.5095000000000001,0.2972116249408828,0.0,1.0,0.5085000000000001,0.30561863490304386,0.0,1.0,0.508,0.30624499995918303,0.0,1.0,0.26575,0.14250679808345987,0.0,0.5,100,0.01,0.0,0
1,1,1,1,1,0.00881563,100,543,88,20,11.104999999999997,2.0,0,0,0,0,0,0.0,0.0,0.0,0,0,0,47,0.47,53,20,0.2,0.425531914893617,20,0,0.425531914893617,0.0,0.2,0,0,0.0,0.0,0.0,0.0,0.0,0.5035000000000001,0.31106711494466915,0.0,1.0,0.498,0.29273879141651177,0.0,1.0,0.5095000000000001,0.2972116249408828,0.0,1.0,0.5085000000000001,0.30561863490304386,0.0,1.0,0.508,0.30624499995918303,0.0,1.0,0.26575,0.14250679808345987,0.0,0.5,100,0.01,0.0,0
2,1,1,1,1,0.00881563,101,619,88,12,11.014851485148512,2.9702970297029703,1,0,0,0,0,0.0,0.0,0.0,0,0,0,46,0.46,54,12,0.12,0.2391304347826087,11,1,0.2391304347826087,0.018518518518518517,0.12,0,0,0.0,0.01,0.0,0.0,0.0,0.5024752475247525,0.3096929362027,0.0,1.0,0.49950495049504956,0.291674497259754,0.0,1.0,0.5064356435643564,0.297319990164332,0.0,1.0,0.5044554455445545,0.3067797456993146,0.0,1.0,0.504950495049505,0.3062472429049503,0.0,1.0,0.2660891089108911,0.14184010653541626,0.0,0.5,100,0.019801980198019802,0.009900990099009901,1
3,1,1,1,1,0.00881563,101,686,88,21,11.487128712871286,3.9702970297029703,0,0,0,0,0,0.0,0.0,0.0,0,0,0,54,0.5346534653465347,47,21,0.2079207920792079,0.35185185185185186,19,2,0.35185185185185186,0.0425531914893617,0.2079207920792079,0,0,0.0,0.0,0.0,0.0,0.0,0.5024752475247525,0.3096929362027,0.0,1.0,0.49950495049504956,0.291674497259754,0.0,1.0,0.5064356435643564,0.297319990164332,0.0,1.0,0.5044554455445545,0.3067797456993146,0.0,1.0,0.504950495049505,0.3062472429049503,0.0,1.0,0.2660891089108911,0.14184010653541626,0.0,0.5,100,0.019801980198019802,0.009900990099009901,1
4,1,1,1,1,0.00881563,102,753,88,21,11.778431372549017,4.921568627450981,1,0,0,0,0,0.0,0.0,0.0,0,0,0,57,0.5643564356435643,44,21,0.2079207920792079,0.3508771929824561,20,1,0.3508771929824561,0.022727272727272728,0.2079207920792079,0,0,0.0,0.009900990099009901,0.0,0.0,0.0,0.5029411764705882,0.3082066668340723,0.0,1.0,0.5,0.2902838367569799,0.0,1.0,0.5112745098039215,0.2998289432870063,0.0,1.0,0.5019607843137255,0.30629999140816144,0.0,1.0,0.5093137254901962,0.3078809924270828,0.0,1.0,0.2642156862745098,0.14239331248417283,0.0,0.5,100,0.0196078431372549,0.0196078431372549,1
5,1,1,1,1,0.00881563,102,822,88,19,12.130392156862742,5.921568627450981,0,0,0,0,0,0.0,0.0,0.0,0,0,0,57,0.5588235294117647,45,20,0.19607843137254902,0.3333333333333333,19,1,0.3333333333333333,0.022222222222222223,0.19607843137254902,1,2,2.0,0.0,0.0,0.0,0.0,0.5029411764705882,0.3082066668340723,0.0,1.0,0.5,0.2902838367569799,0.0,1.0,0.5112745098039215,0.2998289432870063,0.0,1.0,0.5019607843137255,0.30629999140816144,0.0,1.0,0.5093137254901962,0.3078809924270828,0.0,1.0,0.2642156862745098,0.14239331248417283,0.0,0.5,100,0.0196078431372549,0.0196078431372549,1
6,1,1,1,1,0.00881563,103,887,88,23,12.50679611650485,6.854368932038835,1,0,0,0,0,0.0,0.0,0.0,0,0,0,57,0.5588235294117647,45,24,0.23529411764705882,0.38596491228070173,22,2,0.38596491228070173,0.044444444444444446,0.23529411764705882,1,2,2.0,0.00980392156862745,0.0,0.0,0.0,0.5019417475728155,0.30687291652721144,0.0,1.0,0.5029126213592233,0.2903651235708799,0.0,1.0,0.5087378640776699,0.2994677466518861,0.0,1.0,0.5004854368932039,0.30517344627635573,0.0,1.0,0.5116504854368932,0.30729037242517254,0.0,1.0,0.2655339805825243,0.14232451743391136,0.0,0.5,100,0.019417475728155338,0.02912621359223301,1
7,1,1,1,1,0.00881563,103,957,88,18,12.774757281553393,7.854368932038835,0,0,0,0,0,0.0,0.0,0.0,0,0,0,63,0.6116504854368932,40,18,0.17475728155339806,0.2698412698412698,17,1,0.2698412698412698,0.025,0.17475728155339806,0,0,0.0,0.0,0.0,0.0,0.0,0.5019417475728155,0.30687291652721144,0.0,1.0,0.5029126213592233,0.2903651235708799,0.0,1.0,0.5087378640776699,0.2994677466518861,0.0,1.0,0.5004854368932039,0.30517344627635573,0.0,1.0,0.5116504854368932,0.30729037242517254,0.0,1.0,0.2655339805825243,0.14232451743391136,0.0,0.5,100,0.019417475728155338,0.02912621359223301,1
8,1,1,1,1,0.00881563,105,1017,88,28,13.132380952380947,8.685714285714285,2,0,0,0,0,0.0,0.0,0.0,0,0,0,72,0.6990291262135923,31,29,0.2815533980582524,0.3888888888888889,28,1,0.3888888888888889,0.03225806451612903,0.2815533980582524,1,2,2.0,0.019417475728155338,0.0,0.0,0.0,0.49952380952380954,0.3060108337714329,0.0,1.0,0.5004761904761904,0.288138131399577,0.0,1.0,0.5128571428571429,0.29809143463266524,0.0,1.0,0.4919047619047619,0.3084619147228181,0.0,1.0,0.5104761904761905,0.30571502744309964,0.0,1.0,0.2626190476190476,0.14260016569498027,0.0,0.5,100,0.01904761904761905,0.047619047619047616,1
9,1,1,1,1,0.00881563,105,1079,88,26,13.784761904761899,9.685714285714285,0,0,0,0,0,0.0,0.0,0.0,0,0,0,60,0.5714285714285714,45,26,0.24761904761904763,0.4166666666666667,25,1,0.4166666666666667,0.022222222222222223,0.24761904761904763,0,0,0.0,0.0,0.0,0.0,0.0,0.49952380952380954,0.3060108337714329,0.0,1.0,0.5004761904761904,0.288138131399577,0.0,1.0,0.5128571428571429,0.29809143463266524,0.0,1.0,0.4919047619047619,0.3084619147228181,0.0,1.0,0.5104761904761905,0.30571502744309964,0.0,1.0,0.2626190476190476,0.14260016569498027,0.0,0.5,100,0.01904761904761905,0.047619047619047616,1
10,1,2,1,2,0.00873559,106,1141,87,25,14.183018867924522,10.584905660377359,1,0,0,0,0,0.0,0.0,0.0,0,0,0,65,0.6190476190476191,40,25,0.23809523809523808,0.3230769230769231,21,4,0.3230769230769231,0.1,0.23809523809523808,0,0,0.0,0.009523809523809525,0.0,0.0,0.0,0.5028301886792452,0.3064426281894582,0.0,1.0,0.5014150943396226,0.2869371066425312,0.0,1.0,0.5169811320754717,0.29967646016341837,0.0,1.0,0.4882075471698113,0.3093321996727159,0.0,1.0,0.5066037735849057,0.3068460581170735,0.0,1.0,0.26108490566037734,0.14279389540387835,0.0,0.5,100,0.018867924528301886,0.05660377358490566,1
11,1,2,1,2,0.00873559,108,1210,87,18,14.070370370370362,11.37037037037037,2,0,0,0,0,0.0,0.0,0.0,0,0,0,64,0.6037735849056604,42,19,0.1792452830188679,0.28125,18,1,0.28125,0.023809523809523808,0.1792452830188679,1,2,2.0,0.018867924528301886,0.0,0.0,0.0,0.5041666666666667,0.3037668605288529,0.0,1.0,0.5,0.2844748247664913,0.0,1.0,0.5185185185185185,0.2974110972512216,0.0,1.0,0.48101851851851857,0.3109660569032468,0.0,1.0,0.5032407407407408,0.308166106915253,0.0,1.0,0.26180555555555557,0.14302689842417582,0.0,0.5,100,0.027777777777777776,0.07407407407407407,1
12,1,2,1,2,0.00873559,111,1273,87,24,14.064864864864859,12.036036036036036,3,1,1,9,0,0.3333333333333333,1.0,0.3333333333333333,0,0,0,62,0.5740740740740741,46,25,0.23148148148148148,0.4032258064516129,25,0,0.4032258064516129,0.0,0.23148148148148148,1,2,2.0,0.027777777777777776,0.0,0.0,0.0,0.5049549549549549,0.30283606564547194,0.0,1.0,0.4954954954954955,0.2846326500512633,0.0,1.0,0.5234234234234234,0.3005865002557965,0.0,1.0,0.48018018018018016,0.31028026268033315,0.0,1.0,0.5063063063063064,0.3096144883587845,0.0,1.0,0.25788288288288286,0.14390711085228258,0.0,0.5,100,0.02702702702702703,0.0990990990990991,1
13,1,2,1,2,0.00873559,115,1341,87,19,13.642608695652166,12.582608695652175,4,0,0,0,0,0.0,0.0,0.0,0,0,0,68,0.6126126126126126,43,19,0.17117117117117117,0.27941176470588236,19,0,0.27941176470588236,0.0,0.17117117117117117,0,0,0.0,0.036036036036036036,0.0,0.0,0.0,0.51,0.2989983277545211,0.0,1.0,0.49173913043478257,0.281990628489256,0.0,1.0,0.5278260869565218,0.29805100995779565,0.0,1.0,0.4778260869565218,0.3062530428844625,0.0,1.0,0.4995652173913044,0.30874892375618884,0.0,1.0,0.2580434782608696,0.14429543313176724,0.0,0.5,100,0.02608695652173913,0.13043478260869565,1
14,1,2,1,2,0.00873559,119,1398,87,30,13.654621848739488,13.126050420168067,4,0,0,0,0,0.0,0.0,0.0,0,0,0,79,0.6869565217391305,36,30,0.2608695652173913,0.379746835443038,30,0,0.379746835443038,0.0,0.2608695652173913,0,0,0.0,0.034782608695652174,0.0,0.0,0.0,0.5109243697478992,0.29888867435588157,0.0,1.0,0.48739495798319327,0.2833783650699257,0.0,1.0,0.5252100840336135,0.29717676809426224,0.0,1.0,0.47689075630252103,0.3075239907268005,0.0,1.0,0.5021008403361344,0.30729197773310934,0.0,1.0,0.2546218487394958,0.14417857692334524,0.0,0.5,100,0.025210084033613446,0.15966386554621848,1
15,1,2,1,2,0.00873559,121,1450,87,35,14.1793388429752,13.892561983471074,2,0,0,0,0,0.0,0.0,0.0,0,0,0,77,0.6470588235294118,42,36,0.3025210084033613,0.45454545454545453,35,1,0.45454545454545453,0.023809523809523808,0.3025210084033613,1,2,2.0,0.01680672268907563,0.0,0.0,0.0,0.512396694214876,0.2966953659131889,0.0,1.0,0.49214876033057847,0.28488131967560826,0.0,1.0,0.5293388429752066,0.2978344305068766,0.0,1.0,0.471900826446281,0.307542415403216,0.0,1.0,0.506198347107438,0.3074535675441335,0.0,1.0,0.25475206611570245,0.1450033502600552,0.0,0.5,100,0.03305785123966942,0.17355371900826447,1
16,1,2,1,2,0.00873559,124,1503,87,34,14.523387096774185,14.53225806451613,3,0,0,0,0,0.0,0.0,0.0,0,0,0,67,0.5537190082644629,54,34,0.2809917355371901,0.47761194029850745,32,2,0.47761194029850745,0.037037037037037035,0.2809917355371901,0,0,0.0,0.024793388429752067,0.0,0.0,0.0,0.517741935483871,0.2952031523284279,0.0,1.0,0.49274193548387096,0.28203562663789145,0.0,1.0,0.5274193548387097,0.2977980235851082,0.0,1.0,0.4681451612903226,0.3052850781289511,0.0,1.0,0.5004032258064516,0.3075328442819967,0.0,1.0,0.2530241935483871,0.14727336134908892,0.0,0.5,100,0.03225806451612903,0.1935483870967742,1
17,1,2,1,2,0.00873559,126,1558,87,32,14.890476190476182,15.285714285714286,2,0,0,0,0,0.0,0.0,0.0,0,0,0,75,0.6048387096774194,49,32,0.25806451612903225,0.4,30,2,0.4,0.04081632653061224,0.25806451612903225,0,0,0.0,0.016129032258064516,0.0,0.0,0.0,0.5178571428571429,0.29327544651461135,0.0,1.0,0.49404761904761907,0.28084390561258027,0.0,1.0,0.5285714285714286,0.2988356088026248,0.0,1.0,0.4650793650793651,0.3046120249837098,0.0,1.0,0.501984126984127,0.3059204685557681,0.0,1.0,0.25257936507936507,0.14644698662540095,0.0,0.5,100,0.031746031746031744,0.20634920634920634,1
18,1,2,1,2,0.00873559,126,1608,87,37,15.68730158730158,16.174603174603174,1,0,0,0,0,0.0,0.0,0.0,1,0,1,84,0.6666666666666666,42,39,0.30952380952380953,0.44047619047619047,37,2,0.44047619047619047,0.047619047619047616,0.30952380952380953,2,4,2.0,0.007936507936507936,0.007936507936507936,0.0,0.007936507936507936,0.5142857142857142,0.29559310453173976,0.0,1.0,0.49722222222222223,0.2837046275559302,0.0,1.0,0.5226190476190475,0.2968490038146661,0.0,1.0,0.4658730158730159,0.30418057982861557,0.0,1.0,0.49682539682539684,0.3037951763874323,0.0,1.0,0.25436507936507935,0.14564032687513195,0.0,0.5,100,0.023809523809523808,0.20634920634920634,1
19,1,2,1,2,0.00873559,129,1658,87,37,16.017829457364332,16.775193798449614,3,0,0,0,0,0.0,0.0,0.0,0,0,0,85,0.6746031746031746,41,38,0.30158730158730157,0.43529411764705883,37,1,0.43529411764705883,0.024390243902439025,0.30158730158730157,1,2,2.0,0.023809523809523808,0.0,0.0,0.0,0.513953488372093,0.29260767872805726,0.0,1.0,0.49496124031007754,0.2846761359398702,0.0,1.0,0.5228682170542636,0.2964262429626907,0.0,1.0,0.4662790697674418,0.30475322274133165,0.0,1.0,0.4941860465116279,0.3023568856780478,0.0,1.0,0.2567829457364341,0.14579878676031569,0.0,0.5,100,0.023255813953488372,0.2248062015503876,1
20,1,3,1,3,0.0087,134,1709,87,36,15.96716417910447,17.111940298507463,5,0,0,0,0,0.0,0.0,0.0,0,0,0,86,0.6666666666666666,43,36,0.27906976744186046,0.3953488372093023,34,2,0.3953488372093023,0.046511627906976744,0.27906976744186046,0,0,0.0,0.03875968992248062,0.0,0.0,0.0,0.5152985074626866,0.2918819284351569,0.0,1.0,0.498134328358209,0.28326499357096324,0.0,1.0,0.5220149253731343,0.29634031427867774,0.0,1.0,0.45559701492537313,0.30430128234835047,0.0,1.0,0.4936567164179105,0.3034885255515551,0.0,1.0,0.25541044776119404,0.14588132636969542,0.0,0.5,100,0.022388059701492536,0.26119402985074625,2
21,1,3,1,3,0.0087,138,1756,87,40,16.155072463768107,17.47826086956522,5,0,0,0,0,0.0,0.0,0.0,1,0,1,91,0.6791044776119403,43,42,0.31343283582089554,0.43956043956043955,40,2,0.43956043956043955,0.046511627906976744,0.31343283582089554,2,4,2.0,0.03731343283582089,0.007462686567164179,0.0,0.007462686567164179,0.5202898550724637,0.29177354239548176,0.0,1.0,0.49094202898550726,0.2827937428359891,0.0,1.0,0.519927536231884,0.29882255986661077,0.0,1.0,0.4572463768115942,0.30363442959371156,0.0,1.0,0.4934782608695652,0.30400861013243785,0.0,1.0,0.2554347826086957,0.14826102894292084,0.0,0.5,100,0.028985507246376812,0.2971014492753623,2
22,1,3,1,3,0.0087,144,1800,87,43,16.126388888888883,17.645833333333332,7,0,0,0,0,0.0,0.0,0.0,1,0,1,92,0.6666666666666666,46,43,0.3115942028985507,0.45652173913043476,42,1,0.45652173913043476,0.021739130434782608,0.3115942028985507,0,0,0.0,0.050724637681159424,0.007246376811594203,0.0,0.007246376811594203,0.5204861111111111,0.2954759105172326,0.0,1.0,0.48923611111111115,0.2814374803800203,0.0,1.0,0.5302083333333333,0.30059078114329013,0.0,1.0,0.4652777777777778,0.30255152096710103,0.0,1.0,0.49062500000000003,0.30612773920102915,0.0,1.0,0.25503472222222223,0.14638526096469076,0.0,0.5,100,0.027777777777777776,0.3333333333333333,2
23,1,3,1,3,0.0087,150,1840,87,47,16.21999999999999,17.9,6,0,0,0,0,0.0,0.0,0.0,0,0,0,102,0.7083333333333334,42,49,0.3402777777777778,0.4803921568627451,49,0,0.4803921568627451,0.0,0.3402777777777778,2,4,2.0,0.041666666666666664,0.0,0.0,0.0,0.5236666666666666,0.2978084768586833,0.0,1.0,0.4903333333333333,0.28188039228643685,0.0,1.0,0.5333333333333333,0.30169889330626026,0.0,1.0,0.45966666666666667,0.3021973233207439,0.0,1.0,0.4903333333333333,0.3101449481917912,0.0,1.0,0.25316666666666665,0.1451234149114317,0.0,0.5,100,0.02666666666666667,0.36666666666666664,2
24,1,3,1,3,0.0087,155,1877,87,50,16.48709677419354,18.129032258064516,6,0,0,0,0,0.0,0.0,0.0,1,0,1,105,0.7,45,50,0.3333333333333333,0.47619047619047616,50,0,0.47619047619047616,0.0,0.3333333333333333,0,0,0.0,0.04,0.006666666666666667,0.0,0.006666666666666667,0.5161290322580645,0.2982170395961892,0.0,1.0,0.4945161290322581,0.2803550595535484,0.0,1.0,0.53,0.2993864694078811,0.0,1.0,0.45677419354838705,0.296760869266107,0.0,1.0,0.48322580645161295,0.3082352170201296,0.0,1.0,0.25451612903225806,0.1456484656503663,0.0,0.5,99,0.025806451612903226,0.4064516129032258,2
25,1,3,1,3,0.0087,163,1918,87,46,16.24233128834355,18.190184049079754,8,2,1,42,0,0.25,0.5,0.125,0,0,0,103,0.6645161290322581,52,48,0.3096774193548387,0.4563106796116505,47,1,0.4563106796116505,0.019230769230769232,0.3096774193548387,2,4,2.0,0.05161290322580645,0.0,0.0,0.0,0.5180981595092025,0.29441749111825405,0.0,1.0,0.49877300613496933,0.28359820581029055,0.0,1.0,0.5196319018404908,0.30443730568493416,0.0,1.0,0.4533742331288344,0.29500591833284595,0.0,1.0,0.47975460122699387,0.30700602683927647,0.0,1.0,0.2553680981595092,0.1462135154871359,0.0,0.5,99,0.03067484662576687,0.44171779141104295,2
26,1,3,1,3,0.0087,171,1954,87,51,16.170175438596484,18.292397660818715,8,0,0,0,0,0.0,0.0,0.0,0,0,0,97,0.5950920245398773,66,52,0.31901840490797545,0.5154639175257731,50,2,0.5154639175257731,0.030303030303030304,0.31901840490797545,1,2,2.0,0.049079754601226995,0.0,0.0,0.0,0.5260233918128655,0.2949050387988707,0.0,1.0,0.5014619883040936,0.28291645805665233,0.0,1.0,0.5280701754385965,0.3032982740284293,0.0,1.0,0.447953216374269,0.2983559594059531,0.0,1.0,0.47485380116959064,0.30408400794691565,0.0,1.0,0.2559941520467836,0.1472601825657914,0.0,0.5,99,0.029239766081871343,0.4853801169590643,3
27,1,3,1,3,0.0087,177,1990,87,51,16.28418079096044,18.638418079096045,6,1,0,0,0,0.16666666666666666,0.0,0.0,0,0,0,113,0.6608187134502924,58,52,0.30409356725146197,0.4424778761061947,50,2,0.4424778761061947,0.034482758620689655,0.30409356725146197,1,2,2.0,0.03508771929824561,0.0,0.0,0.0,0.5206214689265537,0.29608778319662943,0.0,1.0,0.49830508474576274,0.2811848571179651,0.0,1.0,0.5228813559322034,0.30383453819727485,0.0,1.0,0.44096045197740114,0.2971192832726464,0.0,1.0,0.47627118644067795,0.3022546068497041,0.0,1.0,0.25310734463276835,0.14747480796937623,0.0,0.5,99,0.03389830508474576,0.5084745762711864,3
28,1,3,1,3,0.0087,187,2029,87,48,15.840641711229939,18.58823529411765,10,0,0,0,0,0.0,0.0,0.0,0,0,0,114,0.6440677966101694,63,53,0.2994350282485876,0.4473684210526316,51,2,0.4473684210526316,0.031746031746031744,0.2994350282485876,5,10,2.0,0.05649717514124294,0.0,0.0,0.0,0.5280748663101604,0.29587274103407063,0.0,1.0,0.496524064171123,0.2796602277832931,0.0,1.0,0.5331550802139038,0.3063450092953707,0.0,1.0,0.4425133689839572,0.30004027106335734,0.0,1.0,0.4748663101604278,0.2988558543833788,0.0,1.0,0.2520053475935829,0.14657175050557852,0.0,0.5,99,0.03208556149732621,0.5347593582887701,3
29,1,3,1,3,0.0087,197,2060,87,56,15.614720812182732,18.593908629441625,10,1,0,0,0,0.1,0.0,0.0,0,0,0,120,0.6417112299465241,67,59,0.3155080213903743,0.4583333333333333,55,4,0.4583333333333333,0.05970149253731343,0.3155080213903743,3,6,2.0,0.053475935828877004,0.0,0.0,0.0,0.5225888324873097,0.29273764432201993,0.0,1.0,0.5035532994923858,0.27605370523576117,0.0,1.0,0.534517766497462,0.3049113975309058,0.0,1.0,0.44492385786802036,0.30172872357263514,0.0,1.0,0.47868020304568526,0.29953819661680225,0.0,1.0,0.2512690355329949,0.14663627332762855,0.0,0.5,99,0.030456852791878174,0.5786802030456852,3
30,1,4,1,4,0.00879804,206,2094,87,53,15.405339805825234,18.737864077669904,9,0,0,0,0,0.0,0.0,0.0,0,0,0,127,0.6446700507614214,70,61,0.3096446700507614,0.4645669291338583,59,2,0.4645669291338583,0.02857142857142857,0.3096446700507614,8,16,2.0,0.04568527918781726,0.0,0.0,0.0,0.529126213592233,0.294448989421088,0.0,1.0,0.49805825242718443,0.2766760337915373,0.0,1.0,0.5281553398058252,0.30976579807324195,0.0,1.0,0.44611650485436893,0.2997725124859731,0.0,1.0,0.4817961165048544,0.29714854770365984,0.0,1.0,0.2507281553398058,0.1475921758506371,0.0,0.5,99,0.03398058252427184,0.616504854368932,3
31,1,4,1,4,0.00879804,210,2112,87,69,16.015714285714278,19.20952380952381,5,1,0,0,0,0.2,0.0,0.0,1,0,1,138,0.6699029126213593,68,75,0.3640776699029126,0.5217391304347826,72,3,0.5217391304347826,0.04411764705882353,0.3640776699029126,6,12,2.0,0.024271844660194174,0.0048543689320388345,0.0,0.0048543689320388345,0.5257142857142857,0.29440127181032594,0.0,1.0,0.4961904761904762,0.27759127525873944,0.0,1.0,0.5295238095238095,0.3087374626793419,0.0,1.0,0.445952380952381,0.3002701920081592,0.0,1.0,0.47595238095238096,0.2973378671750973,0.0,1.0,0.25166666666666665,0.14736845088912456,0.0,0.5,98,0.03333333333333333,0.6428571428571429,3
32,1,4,1,4,0.00879804,221,2137,87,62,15.747963800904968,19.20361990950226,11,1,1,15,0,0.09090909090909091,1.0,0.09090909090909091,0,0,0,150,0.7142857142857143,60,66,0.3142857142857143,0.4266666666666667,64,2,0.4266666666666667,0.03333333333333333,0.3142857142857143,4,8,2.0,0.05238095238095238,0.0,0.0,0.0,0.5239819004524887,0.2935420751760311,0.0,1.0,0.5006787330316742,0.2786310928949003,0.0,1.0,0.5298642533936652,0.311672585540313,0.0,1.0,0.43914027149321266,0.30010508454851603,0.0,1.0,0.4751131221719457,0.29851155773152543,0.0,1.0,0.2515837104072398,0.1483231415011997,0.0,0.5,98,0.03619909502262444,0.6832579185520362,4
33,1,4,1,4,0.00879804,237,2152,87,72,15.26582278481012,18.839662447257385,16,3,2,51,1,0.1875,0.6666666666666666,0.125,0,0,0,152,0.6877828054298643,69,83,0.3755656108597285,0.5131578947368421,78,5,0.5131578947368421,0.07246376811594203,0.3755656108597285,9,20,2.2222222222222223,0.07239819004524888,0.0,0.0,0.0,0.5257383966244726,0.29098984120037147,0.0,1.0,0.5016877637130802,0.2805158365868346,0.0,1.0,0.5257383966244725,0.31083116953075923,0.0,1.0,0.4419831223628692,0.29887106806608044,0.0,1.0,0.4845991561181434,0.29972763247684375,0.0,1.0,0.25358649789029536,0.14717023463035228,0.0,0.5,98,0.0379746835443038,0.7257383966244726,4
34,1,4,1,4,0.00879804,250,2160,87,79,15.167599999999991,18.608,15,0,0,0,0,0.0,0.0,0.0,2,0,2,152,0.6413502109704642,85,83,0.350210970464135,0.5263157894736842,80,3,0.5263157894736842,0.03529411764705882,0.350210970464135,3,7,2.3333333333333335,0.06329113924050633,0.008438818565400843,0.0,0.008438818565400843,0.5306000000000001,0.2936215932113986,0.0,1.0,0.5,0.28379570116546865,0.0,1.0,0.5276000000000001,0.3119587152172543,0.0,1.0,0.44260000000000005,0.30022531538829295,0.0,1.0,0.48119999999999996,0.2979036085716318,0.0,1.0,0.2484,0.1471136975267769,0.0,0.5,97,0.04,0.784,4
35,1,4,1,4,0.00879804,264,2175,87,72,14.872727272727264,18.568181818181817,14,3,1,9,5,0.21428571428571427,0.3333333333333333,0.07142857142857142,0,0,0,161,0.644,89,76,0.304,0.4472049689440994,72,4,0.4472049689440994,0.0449438202247191,0.304,4,8,2.0,0.056,0.0,0.0,0.0,0.5327651515151516,0.2928380036152082,0.0,1.0,0.49507575757575756,0.2841694335921132,0.0,1.0,0.528219696969697,0.31019460691231227,0.0,1.0,0.4386363636363636,0.2962896124322648,0.0,1.0,0.484280303030303,0.29846363705204093,0.0,1.0,0.24744318181818184,0.14566200950872008,0.0,0.5,97,0.03787878787878788,0.8181818181818182,4
36,1,4,1,4,0.00879804,275,2186,87,76,14.828363636363628,18.705454545454547,12,4,1,3,0,0.3333333333333333,0.25,0.08333333333333333,1,0,1,179,0.678030303030303,85,85,0.32196969696969696,0.4581005586592179,82,3,0.4581005586592179,0.03529411764705882,0.32196969696969696,9,18,2.0,0.045454545454545456,0.003787878787878788,0.0,0.003787878787878788,0.5312727272727272,0.2926745294098707,0.0,1.0,0.5009090909090909,0.28442780024765335,0.0,1.0,0.5238181818181818,0.3107848768351213,0.0,1.0,0.43618181818181817,0.29512703526134093,0.0,1.0,0.4809090909090909,0.29831205581509457,0.0,1.0,0.24763636363636363,0.14670271282567757,0.0,0.5,97,0.03636363636363636,0.8472727272727273,4
37,1,4,1,4,0.00879804,287,2191,87,82,14.816724738675951,18.804878048780488,14,2,0,0,0,0.14285714285714285,0.0,0.0,2,0,2,167,0.6072727272727273,108,92,0.33454545454545453,0.48502994011976047,81,11,0.48502994011976047,0.10185185185185185,0.33454545454545453,9,19,2.111111111111111,0.05090909090909091,0.007272727272727273,0.0,0.007272727272727273,0.5371080139372822,0.2922178775923152,0.0,1.0,0.5010452961672475,0.28391664877827033,0.0,1.0,0.524390243902439,0.31088985631886,0.0,1.0,0.4379790940766551,0.29790808321322637,0.0,1.0,0.47839721254355405,0.29617811006928946,0.0,1.0,0.2490418118466899,0.14711643565057256,0.0,0.5,97,0.03484320557491289,0.8780487804878049,4
38,1,4,1,4,0.00879804,301,2195,87,83,14.61495016611295,18.79734219269103,17,3,2,6,1,0.17647058823529413,0.6666666666666666,0.11764705882352941,3,0,3,197,0.686411149825784,90,88,0.30662020905923343,0.41624365482233505,82,6,0.41624365482233505,0.06666666666666667,0.30662020905923343,5,10,2.0,0.059233449477351915,0.010452961672473868,0.0,0.010452961672473868,0.5368770764119601,0.2942170445014591,0.0,1.0,0.4976744186046512,0.2865673350512052,0.0,1.0,0.5242524916943522,0.309661463476213,0.0,1.0,0.4295681063122924,0.29354542486278973,0.0,1.0,0.4742524916943522,0.2982114838027948,0.0,1.0,0.2471760797342193,0.1477134658697353,0.0,0.5,97,0.03986710963455149,0.9302325581395349,5
39,1,4,1,4,0.00879804,308,2182,87,100,15.164285714285707,19.246753246753247,8,0,0,0,0,0.0,0.0,0.0,1,0,1,197,0.654485049833887,104,108,0.3588039867109635,0.5025380710659898,99,9,0.5025380710659898,0.08653846153846154,0.3588039867109635,8,16,2.0,0.026578073089700997,0.0033222591362126247,0.0,0.0033222591362126247,0.5384740259740259,0.2920848857681293,0.0,1.0,0.5027597402597402,0.28739850958941704,0.0,1.0,0.5185064935064935,0.3108143523812021,0.0,1.0,0.42808441558441557,0.2916843706728016,0.0,1.0,0.4712662337662338,0.2982263923056336,0.0,1.0,0.2494318181818182,0.14745432451702506,0.0,0.5,97,0.03896103896103896,0.948051948051948,5
40,1,5,1,5,0.00905829,322,2176,90,96,15.14265010351966,19.295031055900623,16,5,1,42,0,0.3125,0.2,0.0625,2,0,2,206,0.6688311688311688,102,102,0.33116883116883117,0.4854368932038835,100,2,0.4854368932038835,0.0196078431372549,0.33116883116883117,6,12,2.0,0.05194805194805195,0.006493506493506494,0.0,0.006493506493506494,0.5354037267080746,0.2933867220611114,0.0,1.0,0.49829192546583845,0.28742571580969395,0.0,1.0,0.5203416149068323,0.309674555790792,0.0,1.0,0.4225155279503106,0.2897271281138409,0.0,1.0,0.472360248447205,0.2993990161008788,0.0,1.0,0.24883540372670807,0.14721997607414486,0.0,0.5,97,0.043478260869565216,0.9968944099378882,5
41,1,5,1,5,0.00905829,335,2148,90,118,15.479004975124369,19.355223880597016,15,2,1,9,0,0.13333333333333333,0.5,0.06666666666666667,2,0,2,219,0.6801242236024845,103,130,0.40372670807453415,0.5570776255707762,122,8,0.5570776255707762,0.07766990291262135,0.40372670807453415,11,23,2.090909090909091,0.046583850931677016,0.006211180124223602,0.0,0.006211180124223602,0.5391044776119402,0.289944571868608,0.0,1.0,0.5040298507462686,0.29017266965276134,0.0,1.0,0.5191044776119403,0.3105494953858863,0.0,1.0,0.417910447761194,0.29143257745879597,0.0,1.0,0.47194029850746266,0.29830985996968784,0.0,1.0,0.2505970149253731,0.1475661308571989,0.0,0.5,97,0.041791044776119404,1.0597014925373134,5
42,1,5,1,5,0.00905829,350,2126,90,112,15.540761904761895,19.337142857142858,18,4,2,9,0,0.2222222222222222,0.5,0.1111111111111111,3,0,3,234,0.6985074626865672,101,126,0.3761194029850746,0.5170940170940171,121,5,0.5170940170940171,0.04950495049504951,0.3761194029850746,12,26,2.1666666666666665,0.05373134328358209,0.008955223880597015,0.0,0.008955223880597015,0.5392857142857143,0.29104403902684767,0.0,1.0,0.49371428571428577,0.29206736712405157,0.0,1.0,0.5191428571428571,0.31007714642439205,0.0,1.0,0.4132857142857143,0.2899050161127726,0.0,1.0,0.47457142857142853,0.2955802318650348,0.0,1.0,0.24835714285714286,0.14697842754385865,0.0,0.5,97,0.04285714285714286,1.082857142857143,5
43,1,5,1,5,0.00905829,370,2089,90,127,15.466126126126118,18.983783783783785,25,6,4,78,17,0.24,0.6666666666666666,0.16,5,0,5,248,0.7085714285714285,102,136,0.38857142857142857,0.5201612903225806,129,7,0.5201612903225806,0.06862745098039216,0.38857142857142857,7,16,2.2857142857142856,0.07142857142857142,0.014285714285714285,0.0,0.014285714285714285,0.5383783783783784,0.2914550033743887,0.0,1.0,0.49594594594594593,0.2960502099440042,0.0,1.0,0.5139189189189189,0.31197200830587163,0.0,1.0,0.4006756756756757,0.28698022853585126,0.0,1.0,0.4648648648648649,0.29552172483017786,0.0,1.0,0.2479054054054054,0.14854248358715783,0.0,0.5,97,0.04864864864864865,1.145945945945946,5
44,1,5,1,5,0.00905829,391,2058,90,121,15.294288150042618,18.854219948849106,23,3,0,0,0,0.13043478260869565,0.0,0.0,2,0,2,244,0.6594594594594595,126,128,0.34594594594594597,0.5040983606557377,123,5,0.5040983606557377,0.03968253968253968,0.34594594594594597,7,14,2.0,0.062162162162162166,0.005405405405405406,0.0,0.005405405405405406,0.5373401534526854,0.29077827377614063,0.0,1.0,0.49757033248081844,0.2983337864245279,0.0,1.0,0.5149616368286445,0.3127306286544373,0.0,1.0,0.39565217391304347,0.28827296267929486,0.0,1.0,0.46342710997442454,0.2939588140011929,0.0,1.0,0.24782608695652175,0.1481505953760009,0.0,0.5,97,0.04859335038363171,1.1943734015345269,5
45,1,5,1,5,0.00905829,410,2019,90,129,15.294796747967471,18.90487804878049,20,3,2,63,0,0.15,0.6666666666666666,0.1,1,0,1,274,0.7007672634271099,117,145,0.37084398976982097,0.5182481751824818,142,3,0.5182481751824818,0.02564102564102564,0.37084398976982097,13,29,2.230769230769231,0.05115089514066496,0.0025575447570332483,0.0,0.0025575447570332483,0.5315853658536586,0.29072436662037354,0.0,1.0,0.5004878048780488,0.2989000258632225,0.0,1.0,0.5095121951219512,0.31304134550825785,0.0,1.0,0.39012195121951215,0.2880654308398931,0.0,1.0,0.4563414634146341,0.29193848414466994,0.0,1.0,0.24920731707317073,0.14713000206428345,0.0,0.5,97,0.04390243902439024,1.2317073170731707,5
46,1,5,1,5,0.00905829,433,1989,90,120,14.98629715165511,18.68822170900693,25,6,1,60,30,0.24,0.16666666666666666,0.04,2,0,2,269,0.6560975609756098,141,131,0.3195121951219512,0.4721189591078067,127,4,0.4721189591078067,0.028368794326241134,0.3195121951219512,11,22,2.0,0.06097560975609756,0.004878048780487805,0.0,0.004878048780487805,0.5364896073903003,0.28791463404466694,0.0,1.0,0.5087759815242494,0.3009862589998347,0.0,1.0,0.5095842956120092,0.31365286254541563,0.0,1.0,0.38799076212471134,0.28658437674704645,0.0,1.0,0.456581986143187,0.2924126815028317,0.0,1.0,0.24930715935334874,0.14694575005469288,0.0,0.5,97,0.04387990762124711,1.300230946882217,6
47,1,5,1,5,0.00905829,449,1960,90,119,14.953600593912391,18.853006681514476,19,1,1,39,20,0.05263157894736842,1.0,0.05263157894736842,3,0,3,294,0.6789838337182448,139,131,0.302540415704388,0.43197278911564624,127,4,0.43197278911564624,0.02877697841726619,0.302540415704388,12,24,2.0,0.04387990762124711,0.006928406466512702,0.0,0.006928406466512702,0.5373051224944321,0.2910798541818179,0.0,1.0,0.5048997772828507,0.3010716586300344,0.0,1.0,0.5069042316258352,0.31413825592420297,0.0,1.0,0.3888641425389755,0.28659478666436994,0.0,1.0,0.4574610244988864,0.29538961311560974,0.0,1.0,0.25111358574610243,0.14730839132227863,0.0,0.5,97,0.042316258351893093,1.3496659242761693,6
48,1,5,1,5,0.00905829,474,1916,90,134,14.702461322081566,18.80590717299578,25,3,1,54,26,0.12,0.3333333333333333,0.04,0,0,0,311,0.6926503340757239,138,153,0.34075723830734966,0.4758842443729904,148,5,0.4758842443729904,0.036231884057971016,0.34075723830734966,17,36,2.1176470588235294,0.0556792873051225,0.0,0.0,0.0,0.5385021097046413,0.29165552660301297,0.0,1.0,0.5031645569620253,0.3008260538802418,0.0,1.0,0.5108649789029536,0.3129300260099469,0.0,1.0,0.38554852320675104,0.28967283809624,0.0,1.0,0.4591772151898734,0.297218395295361,0.0,1.0,0.24963080168776372,0.14823547516593163,0.0,0.5,97,0.04430379746835443,1.3966244725738397,6
49,1,5,1,5,0.00905829,494,1873,90,133,14.600944669365713,18.908906882591094,23,3,2,90,0,0.13043478260869565,0.6666666666666666,0.08695652173913043,3,0,3,329,0.6940928270042194,145,149,0.3143459915611814,0.44072948328267475,145,4,0.44072948328267475,0.027586206896551724,0.3143459915611814,15,31,2.066666666666667,0.04852320675105485,0.006329113924050633,0.0,0.006329113924050633,0.5389676113360324,0.29231857407380957,0.0,1.0,0.49939271255060724,0.29908706507888366,0.0,1.0,0.5144736842105263,0.3114840185978924,0.0,1.0,0.3875506072874494,0.289530319903384,0.0,1.0,0.4597165991902834,0.2979462778107976,0.0,1.0,0.25232793522267205,0.1483449372028328,0.0,0.5,97,0.04251012145748988,1.4210526315789473,6
50,1,6,1,6,0.00942996,520,1817,94,150,14.444551282051274,18.91346153846154,26,6,3,81,0,0.23076923076923078,0.5,0.11538461538461539,0,0,0,347,0.7024291497975709,147,166,0.3360323886639676,0.45821325648414984,159,7,0.45821325648414984,0.047619047619047616,0.3360323886639676,15,31,2.066666666666667,0.05263157894736842,0.0,0.0,0.0,0.5406730769230769,0.2913241137893462,0.0,1.0,0.5004807692307692,0.2999755753124305,0.0,1.0,0.513173076923077,0.3130411143526485,0.0,1.0,0.38317307692307695,0.2920262910420281,0.0,1.0,0.4589423076923077,0.3000029431561745,0.0,1.0,0.25216346153846153,0.14849851790097765,0.0,0.5,97,0.046153846153846156,1.475,6
51,1,6,1,6,0.00942996,541,1761,94,150,14.430807147258156,19.097966728280962,23,1,1,54,27,0.043478260869565216,1.0,0.043478260869565216,2,0,2,367,0.7057692307692308,153,162,0.31153846153846154,0.41689373297002724,153,9,0.41689373297002724,0.058823529411764705,0.31153846153846154,12,24,2.0,0.04423076923076923,0.0038461538461538464,0.0,0.0038461538461538464,0.5414048059149722,0.28846439103245286,0.0,1.0,0.5028650646950092,0.30051729630491386,0.0,1.0,0.5123844731977819,0.3118338342219663,0.0,1.0,0.383641404805915,0.29139769761399337,0.0,1.0,0.4624768946395564,0.3009789356523776,0.0,1.0,0.25365064695009243,0.14927994129475025,0.0,0.5,97,0.04805914972273567,1.5009242144177448,6
52,1,6,1,6,0.00942996,567,1706,94,149,14.251087595532033,19.146384479717813,27,7,3,51,5,0.25925925925925924,0.42857142857142855,0.1111111111111111,1,0,1,349,0.6451016635859519,192,168,0.31053604436229204,0.4699140401146132,164,4,0.4699140401146132,0.020833333333333332,0.31053604436229204,17,36,2.1176470588235294,0.04990757855822551,0.0018484288354898336,0.0,0.0018484288354898336,0.5439153439153439,0.28915283405156045,0.0,1.0,0.5,0.3017146765269234,0.0,1.0,0.5137566137566137,0.31368745724635416,0.0,1.0,0.3828042328042328,0.2926490372950207,0.0,1.0,0.4680776014109347,0.3023196755387911,0.0,1.0,0.2521604938271605,0.15021576718463095,0.0,0.5,97,0.04938271604938271,1.5467372134038802,7
53,1,6,1,6,0.00942996,584,1646,94,154,14.375171232876703,19.448630136986303,21,3,2,48,1,0.14285714285714285,0.6666666666666666,0.09523809523809523,4,0,4,362,0.6384479717813051,205,171,0.30158730158730157,0.44751381215469616,162,9,0.44751381215469616,0.04390243902439024,0.30158730158730157,17,34,2.0,0.037037037037037035,0.007054673721340388,0.0,0.007054673721340388,0.5454623287671233,0.2885381054677278,0.0,1.0,0.5023116438356164,0.3024850819394701,0.0,1.0,0.5095890410958904,0.31503778140965705,0.0,1.0,0.38039383561643836,0.29201123963229464,0.0,1.0,0.4672945205479452,0.30366010802022103,0.0,1.0,0.2505565068493151,0.15052245847582385,0.0,0.5,97,0.05136986301369863,1.5873287671232876,7
54,1,6,1,6,0.00942996,602,1593,94,147,14.388870431893679,19.789036544850497,20,7,3,117,29,0.35,0.42857142857142855,0.15,2,0,2,387,0.6626712328767124,197,170,0.2910958904109589,0.4108527131782946,159,11,0.4108527131782946,0.05583756345177665,0.2910958904109589,20,43,2.15,0.03424657534246575,0.003424657534246575,0.0,0.003424657534246575,0.546345514950166,0.2881864479675904,0.0,1.0,0.5009966777408639,0.30126919230948557,0.0,1.0,0.5100498338870432,0.3159826168128231,0.0,1.0,0.37948504983388703,0.2915309012571192,0.0,1.0,0.4664451827242525,0.3036931938077736,0.0,1.0,0.25083056478405313,0.15068825885964965,0.0,0.5,97,0.05149501661129568,1.6245847176079735,7
55,1,6,1,6,0.00942996,624,1529,94,158,14.346153846153838,20.016025641025642,24,5,3,63,7,0.20833333333333334,0.6,0.125,2,0,2,400,0.6644518272425249,202,184,0.30564784053156147,0.4425,177,7,0.4425,0.034653465346534656,0.30564784053156147,25,51,2.04,0.03986710963455149,0.0033222591362126247,0.0,0.0033222591362126247,0.5472756410256411,0.2887177903828641,0.0,1.0,0.5006410256410256,0.29868768417173003,0.0,1.0,0.5125801282051282,0.31491692533352666,0.0,1.0,0.37884615384615383,0.29019989030211735,0.0,1.0,0.4761217948717949,0.30571274104591073,0.0,1.0,0.2512820512820513,0.15103926492683417,0.0,0.5,97,0.04807692307692308,1.6522435897435896,7
56,1,6,1,6,0.00942996,645,1476,94,147,14.218191214470275,20.204651162790697,25,9,6,180,30,0.36,0.6666666666666666,0.24,4,0,4,412,0.6602564102564102,212,177,0.28365384615384615,0.4077669902912621,168,9,0.4077669902912621,0.04245283018867924,0.28365384615384615,28,58,2.0714285714285716,0.04006410256410257,0.00641025641025641,0.0,0.00641025641025641,0.5491472868217054,0.2889355793326024,0.0,1.0,0.49782945736434114,0.29821682253151116,0.0,1.0,0.5143410852713178,0.3148762398967813,0.0,1.0,0.3796124031007752,0.292263030891709,0.0,1.0,0.4806201550387597,0.3067528155149233,0.0,1.0,0.2510077519379845,0.15124468066110472,0.0,0.5,97,0.04806201550387597,1.697674418604651,7
57,1,6,1,6,0.00942996,672,1403,94,167,14.055555555555548,20.267857142857142,30,11,6,180,40,0.36666666666666664,0.5454545454545454,0.2,3,0,3,436,0.6759689922480621,209,200,0.31007751937984496,0.44954128440366975,196,4,0.44954128440366975,0.019138755980861243,0.31007751937984496,27,60,2.2222222222222223,0.046511627906976744,0.004651162790697674,0.0,0.004651162790697674,0.5473214285714286,0.2865542897417307,0.0,1.0,0.5013392857142857,0.2977439841932987,0.0,1.0,0.5112351190476191,0.31559815385872186,0.0,1.0,0.3769345238095238,0.2926746657956284,0.0,1.0,0.478125,0.30770956249552994,0.0,1.0,0.25145089285714284,0.15116344620787425,0.0,0.5,97,0.050595238095238096,1.7291666666666667,7
58,1,6,1,6,0.00942996,695,1340,94,157,13.914484412470015,20.5136690647482,26,8,3,63,7,0.3076923076923077,0.375,0.11538461538461539,3,0,3,458,0.6815476190476191,214,191,0.28422619047619047,0.4017467248908297,184,7,0.4017467248908297,0.03271028037383177,0.28422619047619047,26,60,2.3076923076923075,0.03869047619047619,0.004464285714285714,0.0,0.004464285714285714,0.5444604316546763,0.2869491536486382,0.0,1.0,0.4979856115107914,0.29673809360419007,0.0,1.0,0.5084892086330935,0.3168525828142551,0.0,1.0,0.37834532374100716,0.29422889617004305,0.0,1.0,0.48172661870503597,0.3079706798563084,0.0,1.0,0.25305755395683455,0.15125554962333979,0.0,0.5,97,0.050359712230215826,1.7553956834532374,7
59,1,6,1,6,0.00942996,717,1270,94,164,13.82840539284053,20.716875871687588,26,8,5,138,4,0.3076923076923077,0.625,0.19230769230769232,4,0,4,476,0.6848920863309352,219,187,0.26906474820143883,0.38235294117647056,182,5,0.38235294117647056,0.0228310502283105,0.26906474820143883,17,40,2.3529411764705883,0.03741007194244604,0.0057553956834532375,0.0,0.0057553956834532375,0.5418410041841004,0.28585863676903145,0.0,1.0,0.5000697350069735,0.2961927086544187,0.0,1.0,0.507252440725244,0.31601221510435096,0.0,1.0,0.37531380753138077,0.29210450355112155,0.0,1.0,0.48158995815899586,0.30832699103364075,0.0,1.0,0.2525801952580195,0.1509568580651225,0.0,0.5,96,0.0502092050209205,1.799163179916318,7
60,1,7,1,7,0.00986228,739,1215,98,153,13.678709968425792,21.017591339648174,24,5,3,111,9,0.20833333333333334,0.6,0.125,2,0,2,474,0.6610878661087866,243,167,0.23291492329149233,0.339662447257384,161,6,0.339662447257384,0.024691358024691357,0.23291492329149233,13,27,2.076923076923077,0.03347280334728033,0.002789400278940028,0.0,0.002789400278940028,0.5422192151556157,0.2862613293776923,0.0,1.0,0.49688768606224626,0.2967638757335252,0.0,1.0,0.5090663058186738,0.31663243215444054,0.0,1.0,0.3776725304465494,0.29240868195611547,0.0,1.0,0.48626522327469557,0.3070839143760587,0.0,1.0,0.25358592692828147,0.15049196407068127,0.0,0.5,96,0.04871447902571042,1.8119079837618404,7
61,1,7,1,7,0.00986228,760,1148,98,165,13.620482456140342,21.33815789473684,25,7,4,117,20,0.28,0.5714285714285714,0.16,4,0,4,474,0.6414073071718539,265,203,0.2746955345060893,0.41139240506329117,195,8,0.41139240506329117,0.03018867924528302,0.2746955345060893,33,71,2.1515151515151514,0.03382949932341001,0.005412719891745603,0.0,0.005412719891745603,0.54125,0.2859409961678697,0.0,1.0,0.4969736842105263,0.2952876373659477,0.0,1.0,0.5071710526315789,0.3165883467016956,0.0,1.0,0.3724342105263158,0.2917393318992287,0.0,1.0,0.48782894736842103,0.30787881622131674,0.0,1.0,0.2525657894736842,0.1499945030156207,0.0,0.5,96,0.04868421052631579,1.8526315789473684,7
62,1,7,1,7,0.00986228,782,1085,98,161,13.49215686274509,21.63171355498721,27,7,5,117,66,0.25925925925925924,0.7142857142857143,0.18518518518518517,5,0,5,490,0.6447368421052632,270,184,0.24210526315789474,0.35714285714285715,175,9,0.35714285714285715,0.03333333333333333,0.24210526315789474,23,46,2.0,0.035526315789473684,0.006578947368421052,0.0,0.006578947368421052,0.5429667519181586,0.28440119067566577,0.0,1.0,0.4946291560102302,0.2942054244642647,0.0,1.0,0.5091432225063939,0.3174831609588589,0.0,1.0,0.3730179028132992,0.290274316307217,0.0,1.0,0.4904092071611253,0.3072817651421664,0.0,1.0,0.2515664961636829,0.14909662344606348,0.0,0.5,96,0.04859335038363171,1.8887468030690537,7
63,1,7,1,7,0.00986228,794,1035,98,148,13.492191435768252,22.133501259445843,19,7,1,48,31,0.3684210526315789,0.14285714285714285,0.05263157894736842,7,0,7,502,0.6419437340153452,280,173,0.22122762148337596,0.3346613545816733,168,5,0.3346613545816733,0.017857142857142856,0.22122762148337596,23,48,2.0869565217391304,0.024296675191815855,0.008951406649616368,0.0,0.008951406649616368,0.5400503778337532,0.2845660401650599,0.0,1.0,0.4942065491183879,0.2920080528502617,0.0,1.0,0.5103904282115869,0.3178897258366678,0.0,1.0,0.3710957178841309,0.2894212646298655,0.0,1.0,0.4928841309823678,0.30745828768314387,0.0,1.0,0.2512909319899244,0.1490758762171541,0.0,0.5,96,0.04785894206549118,1.9017632241813602,7
64,1,7,1,7,0.00986228,806,982,98,151,13.511290322580637,22.646401985111662,18,5,2,45,14,0.2777777777777778,0.4,0.1111111111111111,6,0,6,504,0.6347607052896725,290,171,0.21536523929471033,0.3253968253968254,164,7,0.3253968253968254,0.02413793103448276,0.21536523929471033,16,36,2.25,0.022670025188916875,0.007556675062972292,0.0,0.007556675062972292,0.5397022332506204,0.2837176289423695,0.0,1.0,0.493424317617866,0.29235534669076646,0.0,1.0,0.5093052109181141,0.31706080957817057,0.0,1.0,0.369727047146402,0.2888999843042275,0.0,1.0,0.49299007444168735,0.3066627659346084,0.0,1.0,0.2498759305210918,0.1487332266041937,0.0,0.5,96,0.04838709677419355,1.9267990074441688,7
65,1,7,1,7,0.00986228,817,948,98,132,13.440330477356172,23.20685434516524,16,5,3,93,19,0.3125,0.6,0.1875,5,0,5,499,0.6191066997518611,307,156,0.1935483870967742,0.29458917835671344,147,9,0.29458917835671344,0.029315960912052116,0.1935483870967742,22,46,2.090909090909091,0.019851116625310174,0.00620347394540943,0.0,0.00620347394540943,0.5384332925336597,0.2826006923255283,0.0,1.0,0.49192166462668296,0.29158261232824173,0.0,1.0,0.5083231334149327,0.3162149980006659,0.0,1.0,0.37099143206854346,0.28789851192766625,0.0,1.0,0.4952876376988984,0.307195147281047,0.0,1.0,0.2511627906976744,0.14796723540214815,0.0,0.5,96,0.046511627906976744,1.930232558139535,7
66,1,7,1,7,0.00986228,830,917,98,129,13.281244979919668,23.648192771084336,20,3,3,87,37,0.15,1.0,0.15,7,0,7,517,0.6328029375764994,300,153,0.18727050183598531,0.2804642166344294,145,8,0.2804642166344294,0.02666666666666667,0.18727050183598531,20,44,2.2,0.02447980416156671,0.008567931456548347,0.0,0.008567931456548347,0.5366867469879518,0.28083436046383065,0.0,1.0,0.49295180722891563,0.29132284098137035,0.0,1.0,0.5064457831325302,0.3162144595206375,0.0,1.0,0.3729518072289157,0.2884738990767469,0.0,1.0,0.49746987951807226,0.3063872003896965,0.0,1.0,0.2516867469879518,0.14747937799160737,0.0,0.5,96,0.04578313253012048,1.9481927710843374,7
67,1,7,1,7,0.00986228,842,876,98,139,13.207521773555017,24.159144893111637,18,6,5,132,49,0.3333333333333333,0.8333333333333334,0.2777777777777778,6,0,6,521,0.6277108433734939,309,165,0.19879518072289157,0.29174664107485604,152,13,0.29174664107485604,0.042071197411003236,0.19879518072289157,22,48,2.1818181818181817,0.021686746987951807,0.007228915662650603,0.0,0.007228915662650603,0.53646080760095,0.2797408310373488,0.0,1.0,0.49465558194774345,0.2904066894403299,0.0,1.0,0.5031472684085511,0.31710754774891714,0.0,1.0,0.3741686460807601,0.28780780909997383,0.0,1.0,0.4963776722090261,0.30593195473282603,0.0,1.0,0.25086104513064134,0.14759050825247408,0.0,0.5,96,0.047505938242280284,1.9667458432304037,7
68,1,7,1,7,0.00986228,848,848,98,126,13.1755896226415,24.784198113207548,15,3,1,45,19,0.2,0.3333333333333333,0.06666666666666667,9,0,9,507,0.6021377672209026,335,150,0.17814726840855108,0.2781065088757396,141,9,0.2781065088757396,0.026865671641791045,0.17814726840855108,18,42,2.3333333333333335,0.017814726840855107,0.010688836104513063,0.0,0.010688836104513063,0.5359080188679245,0.27894701943680794,0.0,1.0,0.4941627358490566,0.2906738380398501,0.0,1.0,0.5030660377358491,0.31652973179579125,0.0,1.0,0.37429245283018864,0.2886708632708379,0.0,1.0,0.4994693396226415,0.3056991314439765,0.0,1.0,0.2507075471698113,0.14676473870772191,0.0,0.5,96,0.04834905660377359,1.9929245283018868,7
69,1,7,1,7,0.00986228,856,821,98,125,13.09727414330217,25.40070093457944,15,3,0,0,0,0.2,0.0,0.0,7,0,7,517,0.6096698113207547,331,153,0.1804245283018868,0.29206963249516443,151,2,0.29206963249516443,0.006042296072507553,0.1804245283018868,23,51,2.217391304347826,0.01768867924528302,0.008254716981132075,0.0,0.008254716981132075,0.5387266355140188,0.2793908427791919,0.0,1.0,0.49322429906542054,0.29038465654257595,0.0,1.0,0.5040887850467289,0.3172341208702467,0.0,1.0,0.37751168224299064,0.2881511315783444,0.0,1.0,0.502161214953271,0.3056869499879189,0.0,1.0,0.2506717289719626,0.14684767346045688,0.0,0.5,96,0.04672897196261682,1.9988317757009346,7
70,1,8,1,8,0.01030444,861,782,103,142,13.169976771196273,26.048780487804876,14,6,3,81,0,0.42857142857142855,0.5,0.21428571428571427,9,0,9,516,0.602803738317757,340,167,0.19509345794392524,0.30426356589147285,157,10,0.30426356589147285,0.029411764705882353,0.19509345794392524,21,46,2.1904761904761907,0.016355140186915886,0.010514018691588784,0.0,0.010514018691588784,0.5379210220673636,0.2789651913176618,0.0,1.0,0.49024390243902444,0.29105528844142087,0.0,1.0,0.5015098722415796,0.31598533678266805,0.0,1.0,0.3799070847851336,0.2891020833469842,0.0,1.0,0.5035423925667828,0.30496605112306735,0.0,1.0,0.251945412311266,0.14632992345223228,0.0,0.5,96,0.04645760743321719,1.9895470383275262,7
71,1,8,1,8,0.01030444,870,753,103,132,13.058256704980831,26.51494252873563,21,6,2,51,10,0.2857142857142857,0.3333333333333333,0.09523809523809523,12,0,12,560,0.6504065040650406,301,160,0.18583042973286876,0.26785714285714285,150,10,0.26785714285714285,0.03322259136212625,0.18583042973286876,21,49,2.3333333333333335,0.024390243902439025,0.013937282229965157,0.0,0.013937282229965157,0.5345977011494253,0.27894219150499955,0.0,1.0,0.4893103448275862,0.28979895172639974,0.0,1.0,0.5029310344827587,0.3176150816182123,0.0,1.0,0.38091954022988506,0.28919878294170087,0.0,1.0,0.505632183908046,0.30518960057238087,0.0,1.0,0.25241379310344825,0.14557626683262184,0.0,0.5,96,0.047126436781609195,2.010344827586207,7
72,1,8,1,8,0.01030444,868,726,103,130,13.188402457757286,27.38594470046083,8,3,0,0,0,0.375,0.0,0.0,10,0,10,529,0.6080459770114942,341,168,0.19310344827586207,0.30434782608695654,161,7,0.30434782608695654,0.020527859237536656,0.19310344827586207,29,67,2.310344827586207,0.009195402298850575,0.011494252873563218,0.0,0.011494252873563218,0.5356566820276497,0.2787685347338445,0.0,1.0,0.4875576036866359,0.29051960069311056,0.0,1.0,0.5013248847926267,0.31895020843965033,0.0,1.0,0.3813940092165899,0.28881214943274647,0.0,1.0,0.5014976958525346,0.3058719744292286,0.0,1.0,0.2516129032258065,0.14567593103940682,0.0,0.5,96,0.04953917050691244,2.0184331797235022,7
73,1,8,1,8,0.01030444,875,714,103,115,13.068704761904751,28.024,15,1,1,42,3,0.06666666666666667,1.0,0.06666666666666667,8,0,8,512,0.5898617511520737,356,131,0.15092165898617513,0.244140625,125,6,0.244140625,0.016853932584269662,0.15092165898617513,13,29,2.230769230769231,0.01728110599078341,0.009216589861751152,0.0,0.009216589861751152,0.5343428571428571,0.2798070705587939,0.0,1.0,0.48542857142857143,0.29068729253411874,0.0,1.0,0.5025142857142857,0.31910494211408363,0.0,1.0,0.3809142857142857,0.28950453945896415,0.0,1.0,0.5032571428571428,0.3049837787590062,0.0,1.0,0.25205714285714287,0.14503712684435424,0.0,0.5,96,0.04914285714285714,2.0262857142857142,7
74,1,8,1,8,0.01030444,877,706,103,111,12.997605473204095,28.713797035347778,12,2,1,3,2,0.16666666666666666,0.5,0.08333333333333333,10,0,10,546,0.624,329,141,0.16114285714285714,0.23809523809523808,130,11,0.23809523809523808,0.03343465045592705,0.16114285714285714,25,55,2.2,0.013714285714285714,0.011428571428571429,0.0,0.011428571428571429,0.5324401368301026,0.28007691179214234,0.0,1.0,0.48375142531356896,0.2915592450922568,0.0,1.0,0.500570125427594,0.3185802937679813,0.0,1.0,0.3828392246294185,0.29087065138795193,0.0,1.0,0.5043329532497149,0.30454282759567175,0.0,1.0,0.2523375142531357,0.14476402414336714,0.0,0.5,96,0.04903078677309008,2.03078677309008,7
75,1,8,1,8,0.01030444,887,695,103,114,12.80018789928597,29.259301014656145,17,8,6,138,48,0.47058823529411764,0.75,0.35294117647058826,7,0,7,539,0.6145952109464082,338,133,0.1516533637400228,0.22263450834879406,120,13,0.22263450834879406,0.038461538461538464,0.1516533637400228,15,34,2.2666666666666666,0.019384264538198404,0.00798175598631699,0.0,0.00798175598631699,0.5326944757609922,0.280936708666088,0.0,1.0,0.4830890642615558,0.2913374205817975,0.0,1.0,0.5024802705749718,0.31893379203715033,0.0,1.0,0.3840473506200676,0.29079599580105603,0.0,1.0,0.5060879368658399,0.3041374317401332,0.0,1.0,0.253184892897407,0.14459104432405284,0.0,0.5,96,0.048478015783540024,2.043968432919955,7
76,1,8,1,8,0.01030444,890,686,103,112,12.737490636704107,30.04044943820225,9,3,2,60,36,0.3333333333333333,0.6666666666666666,0.2222222222222222,6,0,6,537,0.6054114994363021,350,123,0.1386696730552424,0.2122905027932961,114,9,0.2122905027932961,0.025714285714285714,0.1386696730552424,8,19,2.375,0.010146561443066516,0.006764374295377677,0.0,0.006764374295377677,0.5312359550561798,0.2813423690006082,0.0,1.0,0.4845505617977528,0.2912874757192975,0.0,1.0,0.5017415730337079,0.3183080279088692,0.0,1.0,0.3862921348314607,0.29023966084023733,0.0,1.0,0.5063483146067416,0.3036419979953327,0.0,1.0,0.25308988764044943,0.14482264554200466,0.0,0.5,96,0.048314606741573035,2.041573033707865,7
77,1,8,1,8,0.01030444,891,667,103,122,12.7575009352787,30.800224466891134,11,3,2,63,6,0.2727272727272727,0.6666666666666666,0.18181818181818182,10,0,10,522,0.5865168539325842,368,140,0.15730337078651685,0.2624521072796935,137,3,0.2624521072796935,0.008152173913043478,0.15730337078651685,17,35,2.0588235294117645,0.012359550561797753,0.011235955056179775,0.0,0.011235955056179775,0.5322109988776655,0.28196947310356474,0.0,1.0,0.48327721661054995,0.2914433113567109,0.0,1.0,0.4993265993265993,0.3182877097413377,0.0,1.0,0.38636363636363635,0.2902586372923359,0.0,1.0,0.5056677890011223,0.30386377874494785,0.0,1.0,0.25308641975308643,0.1451479076340711,0.0,0.5,96,0.04713804713804714,2.0437710437710437,7
78,1,8,1,8,0.01030444,893,636,103,134,12.79972004479282,31.452407614781634,14,2,2,60,33,0.14285714285714285,1.0,0.14285714285714285,12,0,12,547,0.6139169472502806,344,161,0.18069584736251404,0.27787934186471663,152,9,0.27787934186471663,0.02616279069767442,0.18069584736251404,20,47,2.35,0.015712682379349047,0.013468013468013467,0.0,0.013468013468013467,0.5309070548712206,0.2819643248691951,0.0,1.0,0.48465845464725643,0.29160485933034436,0.0,1.0,0.49820828667413214,0.3185337580993767,0.0,1.0,0.3882978723404255,0.29012337176886815,0.0,1.0,0.5048152295632699,0.3045277851147875,0.0,1.0,0.25184770436730125,0.14461963583164747,0.0,0.5,96,0.048152295632698766,2.0470324748040314,7
79,1,8,1,8,0.01030444,906,628,103,111,12.545860927152304,31.836644591611478,18,4,3,111,62,0.2222222222222222,0.75,0.16666666666666666,5,0,5,524,0.5867861142217246,369,128,0.1433370660694289,0.23091603053435114,121,7,0.23091603053435114,0.018970189701897018,0.1433370660694289,14,31,2.2142857142857144,0.020156774916013438,0.005599104143337066,0.0,0.005599104143337066,0.5322847682119205,0.28185206327740825,0.0,1.0,0.4821192052980133,0.2914440925448313,0.0,1.0,0.4992273730684327,0.3186780419770918,0.0,1.0,0.3903421633554084,0.291505936026709,0.0,1.0,0.5039183222958058,0.3028809242192465,0.0,1.0,0.25182119205298015,0.14445029787964928,0.0,0.5,96,0.04856512141280353,2.056291390728477,7
80,1,9,1,9,0.01070566,912,607,107,128,12.470559210526304,32.30482456140351,18,5,2,42,23,0.2777777777777778,0.4,0.1111111111111111,12,0,12,551,0.608167770419426,355,144,0.15894039735099338,0.24682395644283123,136,8,0.24682395644283123,0.022535211267605635,0.15894039735099338,15,31,2.066666666666667,0.019867549668874173,0.013245033112582781,0.0,0.013245033112582781,0.5317982456140351,0.28270282828392285,0.0,1.0,0.4811951754385965,0.2908227086584892,0.0,1.0,0.49895833333333334,0.3191812277666494,0.0,1.0,0.390844298245614,0.2910696582132914,0.0,1.0,0.5059210526315789,0.30257126591977546,0.0,1.0,0.2501644736842105,0.1446315468765925,0.0,0.5,96,0.049342105263157895,2.057017543859649,7
81,1,9,1,9,0.01070566,903,583,107,131,12.671373200442954,33.25027685492802,7,2,2,72,34,0.2857142857142857,1.0,0.2857142857142857,16,0,16,566,0.6206140350877193,346,159,0.17434210526315788,0.2579505300353357,146,13,0.2579505300353357,0.03757225433526012,0.17434210526315788,24,52,2.1666666666666665,0.007675438596491228,0.017543859649122806,0.0,0.017543859649122806,0.5296234772978959,0.28293093433140254,0.0,1.0,0.48205980066445187,0.2921535131949709,0.0,1.0,0.49335548172757476,0.3172681230349062,0.0,1.0,0.3925249169435216,0.2912759633233271,0.0,1.0,0.5041528239202658,0.3019628054774362,0.0,1.0,0.25124584717607973,0.14425304387286156,0.0,0.5,96,0.04983388704318937,2.05094130675526,7
82,1,9,1,9,0.01070566,900,569,107,121,12.740499999999987,33.99,8,3,2,87,0,0.375,0.6666666666666666,0.25,11,0,11,547,0.6057585825027686,356,142,0.15725359911406422,0.2522851919561243,138,4,0.2522851919561243,0.011235955056179775,0.15725359911406422,16,37,2.3125,0.008859357696566999,0.012181616832779624,0.0,0.012181616832779624,0.529,0.283094212822045,0.0,1.0,0.48033333333333333,0.2913796683214378,0.0,1.0,0.4918888888888889,0.31671190709975755,0.0,1.0,0.39605555555555555,0.29170665863390577,0.0,1.0,0.5043888888888889,0.30092480398651256,0.0,1.0,0.25283333333333335,0.14436749018467496,0.0,0.5,96,0.04888888888888889,2.046666666666667,7
83,1,9,1,9,0.01070566,900,566,107,110,12.693814814814802,34.714444444444446,11,4,4,78,21,0.36363636363636365,1.0,0.36363636363636365,11,0,11,539,0.5988888888888889,361,124,0.13777777777777778,0.22077922077922077,119,5,0.22077922077922077,0.013850415512465374,0.13777777777777778,12,26,2.1666666666666665,0.012222222222222223,0.012222222222222223,0.0,0.012222222222222223,0.5292222222222223,0.28323813215415194,0.0,1.0,0.4783888888888889,0.2918564409067674,0.0,1.0,0.4918333333333333,0.31667978043022155,0.0,1.0,0.39805555555555555,0.2919267359044088,0.0,1.0,0.5029444444444444,0.30014755116298353,0.0,1.0,0.25375,0.1441853311617455,0.0,0.5,96,0.04777777777777778,2.048888888888889,7
84,1,9,1,9,0.01070566,907,563,107,110,12.533535464902595,35.25909592061742,13,2,0,0,0,0.15384615384615385,0.0,0.0,6,0,6,547,0.6077777777777778,353,128,0.14222222222222222,0.2230347349177331,122,6,0.2230347349177331,0.0169971671388102,0.14222222222222222,14,32,2.2857142857142856,0.014444444444444444,0.006666666666666667,0.0,0.006666666666666667,0.5289966923925028,0.28366476127941204,0.0,1.0,0.4778390297684674,0.29163184660849417,0.0,1.0,0.4919514884233738,0.3168133884721488,0.0,1.0,0.3980154355016538,0.2920698059314382,0.0,1.0,0.5019845644983462,0.2999658705024051,0.0,1.0,0.2528941565600882,0.14386298240220016,0.0,0.5,96,0.04851157662624035,2.056229327453142,7
85,1,9,1,9,0.01070566,910,539,107,131,12.53987179487178,35.87472527472527,13,5,4,210,25,0.38461538461538464,0.8,0.3076923076923077,10,0,10,556,0.6130099228224918,351,158,0.17420066152149946,0.26798561151079137,149,9,0.26798561151079137,0.02564102564102564,0.17420066152149946,22,49,2.227272727272727,0.014332965821389196,0.011025358324145534,0.0,0.011025358324145534,0.5307142857142857,0.28283112600962856,0.0,1.0,0.4774725274725275,0.29319795438244695,0.0,1.0,0.49126373626373626,0.31661507586872584,0.0,1.0,0.399010989010989,0.29237397001234583,0.0,1.0,0.5015384615384615,0.2997303662906947,0.0,1.0,0.2543131868131868,0.14428183554372392,0.0,0.5,96,0.04835164835164835,2.0615384615384613,7
86,1,9,1,9,0.01070566,913,519,107,127,12.533461117196042,36.526834611171964,12,6,3,120,0,0.5,0.5,0.25,9,0,9,549,0.6032967032967033,361,152,0.16703296703296702,0.26229508196721313,144,8,0.26229508196721313,0.0221606648199446,0.16703296703296702,22,47,2.1363636363636362,0.013186813186813187,0.00989010989010989,0.0,0.00989010989010989,0.5299561883899233,0.28289730515797934,0.0,1.0,0.47677984665936474,0.29334109044611645,0.0,1.0,0.4903614457831325,0.31525677693421283,0.0,1.0,0.40082146768893756,0.29388973481794456,0.0,1.0,0.4997261774370208,0.2987330522753578,0.0,1.0,0.25440854326396495,0.1440747593048248,0.0,0.5,96,0.04819277108433735,2.0657174151150053,7
87,1,9,1,9,0.01070566,915,502,107,124,12.527777777777763,37.19672131147541,10,2,1,54,0,0.2,0.5,0.1,8,0,8,561,0.6144578313253012,352,149,0.16319824753559695,0.2531194295900178,142,7,0.2531194295900178,0.019886363636363636,0.16319824753559695,21,46,2.1904761904761907,0.01095290251916758,0.008762322015334063,0.0,0.008762322015334063,0.5287978142076503,0.28242447144630556,0.0,1.0,0.47775956284153004,0.29294977488517276,0.0,1.0,0.4875409836065574,0.3150469948691491,0.0,1.0,0.40120218579234973,0.29404597535697985,0.0,1.0,0.49655737704918035,0.29816681387046845,0.0,1.0,0.2553551912568306,0.14371157196159884,0.0,0.5,96,0.04918032786885246,2.07431693989071,7
88,1,9,1,9,0.01070566,920,496,107,113,12.426231884057955,37.69456521739131,11,0,0,0,0,0.0,0.0,0.0,6,0,6,535,0.5846994535519126,380,135,0.14754098360655737,0.22429906542056074,120,15,0.22429906542056074,0.039473684210526314,0.14754098360655737,20,42,2.1,0.012021857923497269,0.006557377049180328,0.0,0.006557377049180328,0.5303260869565217,0.2825137591376381,0.0,1.0,0.4770652173913043,0.29273091235986626,0.0,1.0,0.48945652173913046,0.3151306289890466,0.0,1.0,0.40456521739130435,0.2949683588170325,0.0,1.0,0.49831521739130435,0.29706881172359,0.0,1.0,0.2553532608695652,0.14350715854822058,0.0,0.5,96,0.04891304347826087,2.0804347826086955,7
89,1,9,1,9,0.01070566,918,493,107,110,12.421968046477835,38.56318082788671,8,3,3,135,26,0.375,1.0,0.375,10,0,10,534,0.5804347826086956,386,140,0.15217391304347827,0.24719101123595505,132,8,0.24719101123595505,0.02072538860103627,0.15217391304347827,23,53,2.3043478260869565,0.008695652173913044,0.010869565217391304,0.0,0.010869565217391304,0.5293028322440088,0.2821906095193652,0.0,1.0,0.477124183006536,0.29334411715757247,0.0,1.0,0.48992374727668847,0.3144994547523933,0.0,1.0,0.4043572984749455,0.2953019406848226,0.0,1.0,0.4981481481481482,0.29703849037181335,0.0,1.0,0.2556917211328976,0.14356052733155128,0.0,0.5,96,0.049019607843137254,2.0751633986928106,7
90,1,10,1,10,0.01101515,915,510,110,93,12.357522768670293,39.43606557377049,6,1,1,12,6,0.16666666666666666,1.0,0.16666666666666666,9,0,9,518,0.5642701525054467,400,113,0.12309368191721133,0.19884169884169883,103,10,0.19884169884169883,0.025,0.12309368191721133,18,38,2.111111111111111,0.006535947712418301,0.00980392156862745,0.0,0.00980392156862745,0.5295628415300546,0.28142460605368563,0.0,1.0,0.47704918032786886,0.2933470552929668,0.0,1.0,0.49010928961748634,0.31390017742765425,0.0,1.0,0.40508196721311474,0.2944548892546465,0.0,1.0,0.49989071038251365,0.2969701077320419,0.0,1.0,0.25527322404371583,0.1433791324490631,0.0,0.5,96,0.048087431693989074,2.06775956284153,7
91,1,10,1,10,0.01101515,908,508,110,112,12.41448237885461,40.30066079295154,10,0,0,0,0,0.0,0.0,0.0,17,0,17,551,0.6021857923497268,364,128,0.13989071038251366,0.2250453720508167,124,4,0.2250453720508167,0.01098901098901099,0.13989071038251366,15,31,2.066666666666667,0.01092896174863388,0.018579234972677595,0.0,0.018579234972677595,0.531057268722467,0.28100508920020784,0.0,1.0,0.47830396475770925,0.29207141895917677,0.0,1.0,0.4878854625550661,0.31455468153267924,0.0,1.0,0.4061123348017621,0.2944298913989105,0.0,1.0,0.49812775330396475,0.2961515588235705,0.0,1.0,0.2560022026431718,0.14353654615899775,0.0,0.5,96,0.048458149779735685,2.0704845814977975,7
92,1,10,1,10,0.01101515,904,510,110,108,12.441943215339217,41.198008849557525,7,0,0,0,0,0.0,0.0,0.0,11,0,11,522,0.5748898678414097,386,120,0.13215859030837004,0.21455938697318008,112,8,0.21455938697318008,0.02072538860103627,0.13215859030837004,11,23,2.090909090909091,0.007709251101321586,0.012114537444933921,0.0,0.012114537444933921,0.5327986725663717,0.28147057595951536,0.0,1.0,0.47688053097345134,0.29245074295440815,0.0,1.0,0.48993362831858406,0.31489286704956293,0.0,1.0,0.4083517699115044,0.2941717112962358,0.0,1.0,0.5,0.29590681085092413,0.0,1.0,0.2545630530973451,0.14372687349935584,0.0,0.5,96,0.04756637168141593,2.0575221238938055,7
93,1,10,1,10,0.01101515,899,502,110,118,12.54399332591767,42.062291434927694,5,1,0,0,0,0.2,0.0,0.0,10,0,10,535,0.5918141592920354,369,135,0.14933628318584072,0.2261682242990654,121,14,0.2261682242990654,0.037940379403794036,0.14933628318584072,16,33,2.0625,0.0055309734513274336,0.011061946902654867,0.0,0.011061946902654867,0.5317575083426029,0.28228336242845414,0.0,1.0,0.4745828698553949,0.29270271884592236,0.0,1.0,0.4907119021134594,0.3146231115424083,0.0,1.0,0.4112347052280311,0.29498313421970224,0.0,1.0,0.49822024471635146,0.29617913962535763,0.0,1.0,0.2540322580645161,0.14379454840797445,0.0,0.5,95,0.04671857619577308,2.050055617352614,7
94,1,10,1,10,0.01101515,894,489,110,123,12.653113348247558,42.81208053691275,9,2,1,51,25,0.2222222222222222,0.5,0.1111111111111111,14,0,14,540,0.6006674082313682,359,153,0.17018909899888765,0.2759259259259259,149,4,0.2759259259259259,0.011142061281337047,0.17018909899888765,25,55,2.2,0.010011123470522803,0.01557285873192436,0.0,0.01557285873192436,0.5321588366890381,0.28135167005536327,0.0,1.0,0.4748881431767338,0.29188069260997057,0.0,1.0,0.489317673378076,0.3136001596897718,0.0,1.0,0.414317673378076,0.2960907370840577,0.0,1.0,0.4963646532438479,0.2953416955661164,0.0,1.0,0.25461409395973156,0.14318638165288539,0.0,0.5,94,0.04697986577181208,2.0436241610738257,7
95,1,10,1,10,0.01101515,887,494,110,105,12.725009394964282,43.65839909808343,6,2,0,0,0,0.3333333333333333,0.0,0.0,13,0,13,512,0.5727069351230425,382,123,0.13758389261744966,0.2265625,116,7,0.2265625,0.01832460732984293,0.13758389261744966,14,32,2.2857142857142856,0.006711409395973154,0.0145413870246085,0.0,0.0145413870246085,0.5337655016910936,0.2811460344720905,0.0,1.0,0.4741262683201804,0.29065431347447257,0.0,1.0,0.4923900789177001,0.313697326157257,0.0,1.0,0.41476888387824123,0.2960973658786329,0.0,1.0,0.4976888387824126,0.2947162702572509,0.0,1.0,0.25535512965050733,0.14277335629371912,0.0,0.5,94,0.04509582863585118,2.0462232243517473,7
96,1,10,1,10,0.01101515,879,494,110,110,12.838775123246094,44.60864618885097,5,2,0,0,0,0.4,0.0,0.0,13,0,13,531,0.5986471251409244,356,147,0.1657271702367531,0.263653483992467,140,7,0.263653483992467,0.019662921348314606,0.1657271702367531,30,67,2.2333333333333334,0.005636978579481398,0.014656144306651634,0.0,0.014656144306651634,0.5316837315130831,0.28119909844499963,0.0,1.0,0.4743458475540387,0.29210116934244096,0.0,1.0,0.48754266211604097,0.3130296960585826,0.0,1.0,0.41626848691695106,0.2972520345697314,0.0,1.0,0.49579067121729237,0.2934910608951732,0.0,1.0,0.255745164960182,0.14253210291222618,0.0,0.5,94,0.04664391353811149,2.0273037542662116,8
97,1,10,1,10,0.01101515,877,502,110,102,12.81655264158113,45.40592930444698,6,5,5,147,68,0.8333333333333334,1.0,0.8333333333333334,8,0,8,529,0.6018202502844141,350,125,0.1422070534698521,0.22684310018903592,120,5,0.22684310018903592,0.014285714285714285,0.1422070534698521,23,46,2.0,0.006825938566552901,0.009101251422070534,0.0,0.009101251422070534,0.5315849486887115,0.279894704344906,0.0,1.0,0.4757126567844926,0.2919339040279352,0.0,1.0,0.48597491448118585,0.31214944570137326,0.0,1.0,0.4168757126567845,0.2968386057620981,0.0,1.0,0.4962941847206385,0.2926707438582447,0.0,1.0,0.25590079817559863,0.1423909627825626,0.0,0.5,94,0.04789053591790194,2.0285062713797037,8
98,1,10,1,10,0.01101515,869,502,110,110,12.90233985423857,46.2819332566168,10,4,3,99,30,0.4,0.75,0.3,18,0,18,541,0.6168757126567845,336,133,0.1516533637400228,0.22920517560073936,124,9,0.22920517560073936,0.026785714285714284,0.1516533637400228,21,44,2.0952380952380953,0.011402508551881414,0.020524515393386546,0.0,0.020524515393386546,0.5335443037974684,0.27970205162000805,0.0,1.0,0.4730149597238205,0.2943556103131244,0.0,1.0,0.48130034522439585,0.3113754899692986,0.0,1.0,0.41823935558112774,0.2964954609417797,0.0,1.0,0.4957422324510932,0.29182227014633255,0.0,1.0,0.25693325661680094,0.14217750995511005,0.0,0.5,94,0.04833141542002301,2.0253164556962027,8
99,1,10,1,10,0.01101515,864,500,110,112,12.98408564814813,47.06597222222222,6,0,0,0,0,0.0,0.0,0.0,11,0,11,533,0.6133486766398158,336,131,0.15074798619102417,0.2326454033771107,124,7,0.2326454033771107,0.020833333333333332,0.15074798619102417,15,34,2.2666666666666666,0.006904487917146145,0.012658227848101266,0.0,0.012658227848101266,0.5346643518518518,0.2789993334778084,0.0,1.0,0.47251157407407407,0.29435202274142225,0.0,1.0,0.4784143518518519,0.3109031937840708,0.0,1.0,0.4200810185185185,0.2960759848524869,0.0,1.0,0.4945023148148148,0.2910536931726798,0.0,1.0,0.2572916666666667,0.14226410990686508,0.0,0.5,94,0.04861111111111111,2.0277777777777777,8
