seed,founder_id,is_extinct,extinction_step,total_individuals_ever_born,final_alive_count,final_lineage_share,founder_exploration_tendency,founder_site_fidelity,founder_risk_tolerance,founder_reproduction_timing,founder_gene_exchange_probability,founder_gene_exchange_fraction,final_mean_exploration_tendency,final_std_exploration_tendency,final_mean_site_fidelity,final_std_site_fidelity,final_mean_risk_tolerance,final_std_risk_tolerance,final_mean_reproduction_timing,final_std_reproduction_timing,final_mean_gene_exchange_probability,final_std_gene_exchange_probability,final_mean_gene_exchange_fraction,final_std_gene_exchange_fraction,final_mean_generation,final_max_generation
0,0,True,69,1,0,0.0,0.6,0.65,0.9,0.95,0.3,0.125,,,,,,,,,,,,,,
0,1,True,157,1,0,0.0,0.2,0.05,0.25,1.0,0.0,0.025,,,,,,,,,,,,,,
0,2,True,48,1,0,0.0,0.9,0.3,0.65,0.35,0.15,0.175,,,,,,,,,,,,,,
0,3,True,61,1,0,0.0,0.25,0.15,0.25,0.8,0.3,0.425,,,,,,,,,,,,,,
0,4,True,66,1,0,0.0,0.15,0.2,0.0,0.45,0.05,0.325,,,,,,,,,,,,,,
0,5,True,51,1,0,0.0,0.35,0.45,0.45,0.75,0.25,0.0,,,,,,,,,,,,,,
0,6,True,33,1,0,0.0,0.65,0.45,0.85,0.1,0.05,0.3,,,,,,,,,,,,,,
0,7,True,41,1,0,0.0,0.95,0.4,0.1,0.9,0.25,0.475,,,,,,,,,,,,,,
0,8,True,29,1,0,0.0,0.05,1.0,0.95,0.05,0.2,0.325,,,,,,,,,,,,,,
0,9,True,49,1,0,0.0,0.75,0.25,0.85,0.45,0.25,0.025,,,,,,,,,,,,,,
0,10,True,43,1,0,0.0,0.4,0.85,0.4,0.7,0.85,0.075,,,,,,,,,,,,,,
0,11,False,,13851,104,0.171334431630972,0.2,0.75,0.85,0.45,0.95,0.3,0.1504807692307692,0.0594426001038025,0.7399038461538461,0.0684231066502292,0.6908653846153847,0.0678532151174515,0.2466346153846154,0.0538268337592355,0.6870192307692307,0.0852020201964843,0.2182692307692308,0.0300701841752151,80.64423076923077,86.0
0,12,True,38,1,0,0.0,0.15,0.55,0.9,0.6,1.0,0.125,,,,,,,,,,,,,,
0,13,True,104,2,0,0.0,0.25,0.85,0.85,0.75,0.9,0.375,,,,,,,,,,,,,,
0,14,True,59,1,0,0.0,0.5,0.15,0.65,0.85,1.0,0.225,,,,,,,,,,,,,,
0,15,True,29,1,0,0.0,0.15,0.25,0.5,0.0,0.85,0.025,,,,,,,,,,,,,,
0,16,True,23,1,0,0.0,0.9,0.8,0.7,0.7,0.55,0.35,,,,,,,,,,,,,,
0,17,True,23,1,0,0.0,0.7,0.85,0.8,0.3,0.65,0.325,,,,,,,,,,,,,,
0,18,True,98,1,0,0.0,0.1,0.55,0.05,0.6,0.5,0.175,,,,,,,,,,,,,,
0,19,True,58,1,0,0.0,0.4,0.2,0.1,0.85,0.9,0.375,,,,,,,,,,,,,,
0,20,True,43,1,0,0.0,0.45,0.25,0.5,0.7,0.2,0.3,,,,,,,,,,,,,,
0,21,True,88,1,0,0.0,0.15,0.65,1.0,0.75,0.05,0.2,,,,,,,,,,,,,,
0,22,True,28,1,0,0.0,0.15,0.05,0.65,0.4,0.4,0.025,,,,,,,,,,,,,,
0,23,True,25,1,0,0.0,0.4,0.9,1.0,0.15,0.9,0.0,,,,,,,,,,,,,,
0,24,True,20,1,0,0.0,0.85,0.15,1.0,0.2,0.25,0.25,,,,,,,,,,,,,,
0,25,True,1287,69,0,0.0,0.0,0.3,1.0,0.65,0.75,0.175,,,,,,,,,,,,,,
0,26,True,93,1,0,0.0,0.85,0.0,0.15,0.9,0.5,0.05,,,,,,,,,,,,,,
0,27,True,18,1,0,0.0,0.8,0.55,0.45,0.95,0.45,0.3,,,,,,,,,,,,,,
0,28,True,93,1,0,0.0,0.25,1.0,0.85,0.5,0.35,0.475,,,,,,,,,,,,,,
0,29,True,510,30,0,0.0,0.25,0.55,0.8,0.85,0.2,0.25,,,,,,,,,,,,,,
0,30,True,88,3,0,0.0,0.3,0.3,0.55,0.3,0.6,0.35,,,,,,,,,,,,,,
0,31,True,16,1,0,0.0,0.75,0.0,0.75,0.05,0.05,0.0,,,,,,,,,,,,,,
0,32,False,,14890,99,0.1630971993410214,0.2,0.3,0.7,0.15,0.1,0.5,0.1338383838383838,0.0419404838222761,0.3025252525252525,0.0600394387948023,0.5878787878787879,0.0832092740469453,0.0994949494949495,0.0446620019584528,0.1464646464646464,0.04508831135488,0.3848484848484848,0.0283863545381745,87.96969696969697,92.0
0,33,True,17,1,0,0.0,0.85,0.9,0.4,0.65,0.45,0.4,,,,,,,,,,,,,,
0,34,True,83,2,0,0.0,0.45,0.45,0.3,0.2,1.0,0.0,,,,,,,,,,,,,,
0,35,True,30,1,0,0.0,0.1,0.85,0.8,0.8,0.25,0.45,,,,,,,,,,,,,,
0,36,True,30,1,0,0.0,0.7,0.95,0.25,0.55,0.7,0.5,,,,,,,,,,,,,,
0,37,True,33,1,0,0.0,0.2,0.4,0.4,0.2,0.4,0.15,,,,,,,,,,,,,,
0,38,True,63,1,0,0.0,0.0,0.25,0.65,0.0,0.75,0.45,,,,,,,,,,,,,,
0,39,False,,15586,115,0.1894563426688632,0.05,0.3,0.7,0.1,1.0,0.175,0.0934782608695652,0.0500094509026456,0.258695652173913,0.0852772637942074,0.5308695652173914,0.1009913058452691,0.0160869565217391,0.0259998545873496,0.6478260869565218,0.0755821765129003,0.1843478260869565,0.0335346786056933,93.20869565217392,97.0
0,40,True,120,1,0,0.0,0.45,0.9,0.55,0.75,0.9,0.05,,,,,,,,,,,,,,
0,41,True,109,1,0,0.0,0.25,0.0,0.55,0.95,0.6,0.45,,,,,,,,,,,,,,
0,42,True,95,3,0,0.0,0.95,0.65,0.75,0.0,0.6,0.0,,,,,,,,,,,,,,
0,43,True,39,1,0,0.0,0.7,0.55,0.8,0.65,0.4,0.2,,,,,,,,,,,,,,
0,44,True,43,1,0,0.0,0.05,0.6,0.45,0.85,0.7,0.05,,,,,,,,,,,,,,
0,45,True,23,1,0,0.0,0.7,0.15,0.15,0.15,0.95,0.475,,,,,,,,,,,,,,
0,46,True,68,2,0,0.0,0.1,0.9,0.95,0.05,0.85,0.225,,,,,,,,,,,,,,
0,47,True,63,1,0,0.0,0.0,0.5,0.15,0.25,0.45,0.375,,,,,,,,,,,,,,
0,48,True,27,1,0,0.0,0.3,0.8,0.65,0.2,0.2,0.475,,,,,,,,,,,,,,
0,49,False,,13255,96,0.158154859967051,0.25,0.6,0.95,0.35,0.0,0.225,0.240625,0.0377163895629826,0.5802083333333333,0.0814833721108518,0.7838541666666666,0.0274761181023124,0.2791666666666666,0.0311804782231161,0.1723958333333333,0.0607547116085566,0.2546874999999999,0.044387102222943,89.95833333333333,105.0
0,50,True,53,1,0,0.0,0.45,0.6,1.0,0.2,0.6,0.075,,,,,,,,,,,,,,
0,51,True,54,1,0,0.0,0.55,0.05,0.5,0.25,0.1,0.5,,,,,,,,,,,,,,
0,52,True,25,1,0,0.0,0.45,1.0,0.3,1.0,0.6,0.175,,,,,,,,,,,,,,
0,53,True,39,1,0,0.0,0.2,0.2,0.4,0.05,1.0,0.35,,,,,,,,,,,,,,
0,54,True,6240,1304,0,0.0,0.5,0.35,0.05,0.15,0.65,0.225,,,,,,,,,,,,,,
0,55,False,,23690,130,0.214168039538715,0.75,0.05,0.8,0.8,0.2,0.025,0.6234615384615384,0.0633028318537966,0.1796153846153846,0.0812631418593452,0.6915384615384615,0.058552560719954,0.5761538461538462,0.0760099650894499,0.3,0.0617065013405581,0.0638461538461538,0.0208154755811304,82.38461538461539,88.0
0,56,True,31,1,0,0.0,0.65,0.65,0.75,0.65,0.2,0.4,,,,,,,,,,,,,,
0,57,True,57,1,0,0.0,0.9,0.9,0.35,0.45,0.05,0.45,,,,,,,,,,,,,,
0,58,True,48,1,0,0.0,0.0,0.55,0.7,0.05,0.3,0.0,,,,,,,,,,,,,,
0,59,True,33,1,0,0.0,0.7,0.5,0.85,0.5,0.2,0.475,,,,,,,,,,,,,,
0,60,True,78,1,0,0.0,0.0,0.85,0.9,0.75,0.15,0.325,,,,,,,,,,,,,,
0,61,True,52,1,0,0.0,0.3,0.55,0.35,0.35,0.35,0.2,,,,,,,,,,,,,,
0,62,True,18,1,0,0.0,1.0,0.45,0.95,0.8,0.15,0.0,,,,,,,,,,,,,,
0,63,False,,8272,63,0.1037891268533772,0.2,0.8,0.0,0.8,0.1,0.375,0.3325396825396826,0.0707997007878229,0.6865079365079366,0.0792856745634423,0.1373015873015873,0.1034976627173612,0.5388888888888888,0.0552371829882708,0.2341269841269841,0.099532796232323,0.2984126984126984,0.0298385257096943,76.17460317460318,81.0
0,64,True,48,1,0,0.0,0.05,1.0,0.75,0.15,0.35,0.25,,,,,,,,,,,,,,
0,65,True,86,1,0,0.0,0.1,1.0,0.9,0.2,0.25,0.5,,,,,,,,,,,,,,
0,66,True,47,1,0,0.0,0.25,0.6,0.8,0.75,0.6,0.375,,,,,,,,,,,,,,
0,67,True,58,1,0,0.0,0.85,0.8,0.0,0.85,0.0,0.275,,,,,,,,,,,,,,
0,68,True,22,1,0,0.0,0.35,0.85,0.5,0.9,0.8,0.025,,,,,,,,,,,,,,
0,69,True,116,1,0,0.0,0.1,1.0,0.2,0.5,0.25,0.325,,,,,,,,,,,,,,
0,70,True,138,1,0,0.0,0.55,0.1,0.85,0.7,0.85,0.475,,,,,,,,,,,,,,
0,71,True,23,1,0,0.0,0.55,0.5,0.15,0.95,0.3,0.275,,,,,,,,,,,,,,
0,72,True,124,1,0,0.0,0.25,0.2,0.0,0.4,0.0,0.0,,,,,,,,,,,,,,
0,73,True,149,1,0,0.0,0.45,0.6,0.05,0.5,0.7,0.375,,,,,,,,,,,,,,
0,74,True,20,1,0,0.0,0.7,0.25,0.6,0.9,0.45,0.425,,,,,,,,,,,,,,
0,75,True,49,1,0,0.0,0.35,0.0,0.85,0.9,0.75,0.475,,,,,,,,,,,,,,
0,76,True,33,1,0,0.0,0.0,1.0,0.8,0.85,0.8,0.175,,,,,,,,,,,,,,
0,77,True,19,1,0,0.0,0.95,0.3,0.0,0.55,0.6,0.175,,,,,,,,,,,,,,
0,78,True,29,1,0,0.0,0.6,0.4,0.55,0.4,0.4,0.4,,,,,,,,,,,,,,
0,79,True,58,1,0,0.0,0.4,0.6,0.75,0.95,0.05,0.35,,,,,,,,,,,,,,
0,80,True,26,1,0,0.0,0.4,0.15,0.9,0.15,0.8,0.05,,,,,,,,,,,,,,
0,81,True,21,1,0,0.0,0.95,0.85,0.7,0.35,0.35,0.3,,,,,,,,,,,,,,
0,82,True,560,8,0,0.0,0.15,0.75,0.2,0.35,0.3,0.25,,,,,,,,,,,,,,
0,83,True,21,1,0,0.0,1.0,0.05,0.45,0.9,0.0,0.025,,,,,,,,,,,,,,
0,84,True,36,1,0,0.0,0.2,0.85,0.9,0.55,0.8,0.075,,,,,,,,,,,,,,
0,85,True,123,1,0,0.0,0.25,0.3,0.0,0.8,0.9,0.05,,,,,,,,,,,,,,
0,86,True,13,1,0,0.0,0.65,0.5,0.75,0.2,0.4,0.475,,,,,,,,,,,,,,
0,87,True,32,1,0,0.0,0.9,0.05,0.45,0.45,0.9,0.025,,,,,,,,,,,,,,
0,88,True,30,1,0,0.0,0.65,0.75,0.95,0.25,0.1,0.375,,,,,,,,,,,,,,
0,89,True,16,1,0,0.0,0.9,0.15,0.35,0.9,0.25,0.125,,,,,,,,,,,,,,
0,90,True,28,1,0,0.0,0.2,0.95,0.15,0.05,0.65,0.425,,,,,,,,,,,,,,
0,91,True,69,1,0,0.0,0.2,0.55,0.65,0.3,0.1,0.15,,,,,,,,,,,,,,
0,92,True,46,1,0,0.0,0.05,0.25,0.45,0.5,0.7,0.375,,,,,,,,,,,,,,
0,93,True,21,1,0,0.0,0.8,0.0,0.5,0.7,0.75,0.275,,,,,,,,,,,,,,
0,94,True,100,1,0,0.0,0.8,0.3,0.9,0.65,0.65,0.325,,,,,,,,,,,,,,
0,95,True,59,1,0,0.0,0.15,0.5,0.5,0.8,0.4,0.075,,,,,,,,,,,,,,
0,96,True,15,1,0,0.0,1.0,0.4,0.8,0.95,0.9,0.275,,,,,,,,,,,,,,
0,97,True,28,1,0,0.0,0.6,0.7,0.7,0.75,0.95,0.2,,,,,,,,,,,,,,
0,98,True,53,1,0,0.0,0.4,0.8,0.25,0.35,0.75,0.4,,,,,,,,,,,,,,
0,99,True,20,1,0,0.0,1.0,0.35,0.85,0.3,0.9,0.175,,,,,,,,,,,,,,
1,0,True,31,1,0,0.0,0.4,0.0,0.25,0.6,1.0,0.325,,,,,,,,,,,,,,
1,1,True,28,1,0,0.0,0.8,0.35,0.3,0.55,0.0,0.2,,,,,,,,,,,,,,
1,2,True,18,1,0,0.0,0.45,0.45,0.8,0.6,0.0,0.5,,,,,,,,,,,,,,
1,3,True,24,1,0,0.0,0.75,0.05,0.7,0.45,0.65,0.075,,,,,,,,,,,,,,
1,4,True,26,1,0,0.0,0.7,0.75,1.0,0.9,0.4,0.05,,,,,,,,,,,,,,
1,5,True,26,1,0,0.0,0.1,0.95,0.45,0.9,0.0,0.2,,,,,,,,,,,,,,
1,6,True,649,14,0,0.0,0.15,0.45,0.35,0.75,0.2,0.5,,,,,,,,,,,,,,
1,7,True,24,1,0,0.0,0.55,0.45,0.05,0.3,0.0,0.35,,,,,,,,,,,,,,
1,8,True,21,1,0,0.0,0.85,1.0,0.0,1.0,0.95,0.175,,,,,,,,,,,,,,
1,9,True,6229,2922,0,0.0,0.15,0.2,0.25,0.9,1.0,0.025,,,,,,,,,,,,,,
1,10,True,53,1,0,0.0,0.7,0.65,0.35,1.0,0.9,0.5,,,,,,,,,,,,,,
1,11,True,59,1,0,0.0,0.55,1.0,0.2,0.15,0.5,0.275,,,,,,,,,,,,,,
1,12,True,28,1,0,0.0,0.25,1.0,0.65,0.3,0.7,0.3,,,,,,,,,,,,,,
1,13,True,68,1,0,0.0,0.1,0.2,0.25,0.1,0.8,0.425,,,,,,,,,,,,,,
1,14,True,99,1,0,0.0,0.35,0.95,0.6,0.9,0.6,0.0,,,,,,,,,,,,,,
1,15,False,,8126,47,0.0769230769230769,0.85,0.25,0.4,0.8,0.35,0.475,0.4659574468085106,0.0426594418207732,0.2712765957446809,0.0562523577293714,0.4617021276595743,0.0388843976223342,0.5170212765957448,0.055807987440868,0.3478723404255319,0.053551969994269,0.3234042553191488,0.0195727335031639,78.44680851063829,81.0
1,16,True,4478,608,0,0.0,0.3,0.65,0.45,0.05,0.85,0.35,,,,,,,,,,,,,,
1,17,True,33,1,0,0.0,0.0,0.7,0.8,0.3,0.7,0.175,,,,,,,,,,,,,,
1,18,True,49,2,0,0.0,0.4,0.8,0.1,0.05,0.2,0.375,,,,,,,,,,,,,,
1,19,True,31,1,0,0.0,0.4,0.15,0.35,0.35,0.65,0.325,,,,,,,,,,,,,,
1,20,True,24,1,0,0.0,0.9,0.15,0.0,0.0,0.8,0.4,,,,,,,,,,,,,,
1,21,True,101,3,0,0.0,0.8,0.2,0.3,0.4,0.75,0.15,,,,,,,,,,,,,,
1,22,True,61,1,0,0.0,0.6,1.0,0.5,0.75,0.85,0.45,,,,,,,,,,,,,,
1,23,True,17,1,0,0.0,0.6,0.45,0.2,0.45,0.9,0.25,,,,,,,,,,,,,,
1,24,True,89,2,0,0.0,0.75,0.0,0.5,0.25,0.55,0.275,,,,,,,,,,,,,,
1,25,True,29,1,0,0.0,0.1,0.45,0.6,0.25,0.0,0.275,,,,,,,,,,,,,,
1,26,True,80,2,0,0.0,0.65,0.55,0.9,0.3,0.4,0.175,,,,,,,,,,,,,,
1,27,True,71,1,0,0.0,0.75,0.0,0.95,0.7,0.65,0.2,,,,,,,,,,,,,,
1,28,True,26,1,0,0.0,0.6,0.95,0.5,0.15,0.4,0.025,,,,,,,,,,,,,,
1,29,True,39,1,0,0.0,0.55,0.1,0.9,0.55,0.7,0.125,,,,,,,,,,,,,,
1,30,True,83,1,0,0.0,0.2,0.8,0.15,0.1,0.85,0.475,,,,,,,,,,,,,,
1,31,True,28,1,0,0.0,0.35,0.05,0.15,0.7,1.0,0.25,,,,,,,,,,,,,,
1,32,True,63,1,0,0.0,0.65,0.25,0.3,1.0,0.65,0.05,,,,,,,,,,,,,,
1,33,True,30,1,0,0.0,0.55,0.0,0.05,0.2,0.2,0.0,,,,,,,,,,,,,,
1,34,True,96,1,0,0.0,0.65,0.4,0.55,0.9,0.15,0.1,,,,,,,,,,,,,,
1,35,True,31,1,0,0.0,0.9,0.6,0.4,0.3,1.0,0.15,,,,,,,,,,,,,,
1,36,True,120,1,0,0.0,0.65,0.1,0.65,1.0,0.55,0.075,,,,,,,,,,,,,,
1,37,True,118,1,0,0.0,0.75,0.95,0.55,0.8,0.8,0.05,,,,,,,,,,,,,,
1,38,True,33,1,0,0.0,0.0,0.2,0.1,0.8,0.9,0.075,,,,,,,,,,,,,,
1,39,True,399,13,0,0.0,0.4,0.6,0.85,0.95,0.35,0.1,,,,,,,,,,,,,,
1,40,True,94,1,0,0.0,0.15,0.95,0.45,1.0,0.65,0.375,,,,,,,,,,,,,,
1,41,False,,7808,45,0.0736497545008183,0.95,0.75,0.9,0.25,0.35,0.025,0.6411111111111111,0.0486357080627539,0.6311111111111112,0.0550644964149505,0.7822222222222222,0.0507231653800592,0.2744444444444445,0.0326976421545825,0.4599999999999999,0.0679869268479038,0.1055555555555555,0.0240883148763097,93.04444444444444,97.0
1,42,True,48,1,0,0.0,0.0,0.45,0.2,0.75,0.05,0.325,,,,,,,,,,,,,,
1,43,True,48,1,0,0.0,0.55,0.75,0.1,0.25,0.0,0.3,,,,,,,,,,,,,,
1,44,True,48,1,0,0.0,0.1,0.6,0.8,0.9,0.85,0.1,,,,,,,,,,,,,,
1,45,False,,13064,94,0.1538461538461538,0.3,0.7,0.5,0.85,0.65,0.475,0.2457446808510638,0.0613065086562719,0.600531914893617,0.0797251531530002,0.3026595744680851,0.0723345585856191,0.3957446808510638,0.0702047061782826,0.400531914893617,0.0658393761325597,0.3039893617021277,0.0231505225715804,78.3936170212766,85.0
1,46,True,46,1,0,0.0,0.65,0.9,0.55,0.5,0.4,0.5,,,,,,,,,,,,,,
1,47,True,23,1,0,0.0,0.3,0.05,0.55,0.7,0.0,0.1,,,,,,,,,,,,,,
1,48,True,18,1,0,0.0,0.7,0.65,0.45,0.8,0.15,0.35,,,,,,,,,,,,,,
1,49,True,48,1,0,0.0,0.0,0.05,0.95,1.0,0.85,0.2,,,,,,,,,,,,,,
1,50,True,26,1,0,0.0,0.65,0.3,0.0,0.6,0.4,0.075,,,,,,,,,,,,,,
1,51,True,21,1,0,0.0,0.75,0.7,0.35,0.35,1.0,0.1,,,,,,,,,,,,,,
1,52,True,39,1,0,0.0,0.5,0.6,0.25,0.45,0.05,0.05,,,,,,,,,,,,,,
1,53,True,25,1,0,0.0,0.4,0.9,0.05,0.7,0.0,0.3,,,,,,,,,,,,,,
1,54,True,142,5,0,0.0,0.35,0.0,0.85,0.05,1.0,0.125,,,,,,,,,,,,,,
1,55,True,25,1,0,0.0,0.6,0.05,1.0,0.1,0.2,0.05,,,,,,,,,,,,,,
1,56,True,33,1,0,0.0,0.55,0.55,0.15,0.95,0.7,0.1,,,,,,,,,,,,,,
1,57,True,53,1,0,0.0,0.35,0.55,0.95,0.9,0.25,0.475,,,,,,,,,,,,,,
1,58,True,23,1,0,0.0,0.5,0.5,0.5,0.2,0.4,0.15,,,,,,,,,,,,,,
1,59,True,13,1,0,0.0,1.0,0.05,0.9,0.5,0.45,0.325,,,,,,,,,,,,,,
1,60,True,30,1,0,0.0,0.25,0.3,0.4,0.1,1.0,0.175,,,,,,,,,,,,,,
1,61,True,4590,263,0,0.0,0.35,0.0,0.05,0.7,0.05,0.3,,,,,,,,,,,,,,
1,62,True,58,1,0,0.0,0.25,0.35,0.45,0.85,0.3,0.1,,,,,,,,,,,,,,
1,63,True,53,1,0,0.0,0.15,0.0,0.35,0.35,0.05,0.125,,,,,,,,,,,,,,
1,64,True,24,1,0,0.0,0.65,0.2,0.15,0.15,0.45,0.425,,,,,,,,,,,,,,
1,65,True,1425,36,0,0.0,0.2,0.05,0.55,0.65,0.55,0.175,,,,,,,,,,,,,,
1,66,True,84,2,0,0.0,0.95,0.4,0.75,0.4,0.5,0.375,,,,,,,,,,,,,,
1,67,False,,6616,44,0.072013093289689,0.3,0.45,0.75,0.05,0.55,0.0,0.2806818181818182,0.0243457787336688,0.4284090909090908,0.0547698980785722,0.655681818181818,0.0286354617462594,0.0749999999999999,0.049428552661208,0.5318181818181819,0.0440698168856029,0.0556818181818181,0.0158684545951919,95.27272727272728,100.0
1,68,True,25,1,0,0.0,0.95,0.85,0.5,0.7,0.75,0.475,,,,,,,,,,,,,,
1,69,True,22,1,0,0.0,0.55,0.6,0.75,0.05,0.0,0.5,,,,,,,,,,,,,,
1,70,True,39,1,0,0.0,0.0,0.6,0.1,0.95,0.5,0.5,,,,,,,,,,,,,,
1,71,True,91,1,0,0.0,0.65,0.25,0.0,0.95,0.85,0.075,,,,,,,,,,,,,,
1,72,True,132,3,0,0.0,0.7,0.05,0.35,0.85,0.9,0.25,,,,,,,,,,,,,,
1,73,False,,4409,37,0.0605564648117839,0.9,0.55,0.65,0.2,0.75,0.25,0.3391891891891892,0.0370082809125112,0.5702702702702704,0.0271618260030294,0.4554054054054053,0.0226124331495696,0.154054054054054,0.0336483772918614,0.5378378378378379,0.027027027027027,0.2493243243243243,0.0281684643049673,85.86486486486487,90.0
1,74,True,421,6,0,0.0,1.0,0.05,0.8,0.95,0.7,0.5,,,,,,,,,,,,,,
1,75,True,39,1,0,0.0,0.4,0.2,0.4,0.15,0.8,0.4,,,,,,,,,,,,,,
1,76,True,26,1,0,0.0,0.15,0.25,1.0,0.0,1.0,0.5,,,,,,,,,,,,,,
1,77,True,38,1,0,0.0,0.05,0.35,0.65,0.95,0.05,0.475,,,,,,,,,,,,,,
1,78,True,29,1,0,0.0,0.35,1.0,0.0,0.45,0.4,0.425,,,,,,,,,,,,,,
1,79,True,26,1,0,0.0,0.5,0.8,0.4,0.0,0.75,0.0,,,,,,,,,,,,,,
1,80,True,154,1,0,0.0,0.8,0.0,0.85,0.6,0.55,0.05,,,,,,,,,,,,,,
1,81,True,790,67,0,0.0,0.3,0.25,0.8,0.95,0.85,0.175,,,,,,,,,,,,,,
1,82,False,,28242,231,0.3780687397708674,0.15,0.35,0.85,0.4,0.95,0.15,0.1593073593073593,0.0493459024070766,0.3212121212121213,0.1019519580873174,0.6774891774891774,0.1135408792821098,0.1538961038961039,0.0730146609986727,0.7244588744588745,0.1387842599847417,0.0926406926406926,0.0423850203001083,88.16017316017316,95.0
1,83,True,31,1,0,0.0,0.25,0.3,0.85,1.0,0.9,0.3,,,,,,,,,,,,,,
1,84,True,32,1,0,0.0,1.0,0.3,0.5,1.0,0.8,0.2,,,,,,,,,,,,,,
1,85,True,106,1,0,0.0,0.2,0.4,0.55,0.35,0.55,0.4,,,,,,,,,,,,,,
1,86,True,33,1,0,0.0,0.9,0.3,0.65,0.85,0.55,0.075,,,,,,,,,,,,,,
1,87,True,39,1,0,0.0,0.85,0.8,0.45,0.05,0.25,0.15,,,,,,,,,,,,,,
1,88,True,26,1,0,0.0,0.45,0.75,0.1,0.05,0.65,0.225,,,,,,,,,,,,,,
1,89,True,31,1,0,0.0,0.3,0.6,0.3,0.6,0.05,0.025,,,,,,,,,,,,,,
1,90,False,,8235,54,0.088379705400982,0.35,0.05,0.1,0.45,0.95,0.225,0.2333333333333332,0.0871354841186562,0.1027777777777777,0.0619263800266887,0.2888888888888889,0.0820267947790744,0.2175925925925926,0.1114539463964939,0.4074074074074073,0.0352338844267415,0.161111111111111,0.062669523181547,84.27777777777777,97.0
1,91,True,41,1,0,0.0,0.1,0.2,0.35,0.4,0.7,0.025,,,,,,,,,,,,,,
1,92,True,24,1,0,0.0,0.9,0.35,0.15,0.85,0.6,0.2,,,,,,,,,,,,,,
1,93,False,,9935,59,0.0965630114566284,0.4,0.1,0.2,0.75,0.75,0.1,0.2635593220338983,0.0796339658361593,0.1499999999999999,0.047834460310746,0.2499999999999999,0.0724861178994681,0.4686440677966102,0.0650282240449182,0.5872881355932204,0.0517435170253347,0.1512711864406779,0.0168641938492647,78.8135593220339,82.0
1,94,True,29,1,0,0.0,0.25,0.5,0.4,0.5,0.65,0.2,,,,,,,,,,,,,,
1,95,True,15,1,0,0.0,0.85,0.55,0.65,1.0,0.2,0.2,,,,,,,,,,,,,,
1,96,True,21,1,0,0.0,0.25,0.7,1.0,0.95,0.1,0.175,,,,,,,,,,,,,,
1,97,True,25,1,0,0.0,0.5,0.85,0.3,0.8,0.9,0.35,,,,,,,,,,,,,,
1,98,True,51,1,0,0.0,0.05,0.85,0.35,0.15,0.8,0.45,,,,,,,,,,,,,,
1,99,True,31,1,0,0.0,0.55,0.8,0.35,0.55,0.9,0.3,,,,,,,,,,,,,,
2,0,True,154,1,0,0.0,0.45,0.25,0.6,0.8,0.9,0.3,,,,,,,,,,,,,,
2,1,True,39,1,0,0.0,0.7,0.5,0.35,0.15,0.75,0.3,,,,,,,,,,,,,,
2,2,False,,9827,66,0.0966325036603221,0.6,0.95,0.05,0.55,0.2,0.5,0.475,0.052404313956125,0.7484848484848484,0.0596515748031197,0.1325757575757575,0.0384278389484012,0.3189393939393939,0.0482772544434994,0.2219696969696969,0.0277007656042154,0.4178030303030303,0.0207643485964632,82.15151515151516,89.0
2,3,True,84,1,0,0.0,0.9,0.25,0.0,0.7,0.75,0.15,,,,,,,,,,,,,,
2,4,True,43,1,0,0.0,0.5,0.85,0.0,0.95,0.4,0.425,,,,,,,,,,,,,,
2,5,True,51,2,0,0.0,0.2,0.2,0.8,0.05,0.65,0.0,,,,,,,,,,,,,,
2,6,True,19,1,0,0.0,0.45,0.25,0.55,0.7,0.9,0.35,,,,,,,,,,,,,,
2,7,True,54,1,0,0.0,0.5,0.05,0.2,0.9,0.95,0.375,,,,,,,,,,,,,,
2,8,True,43,1,0,0.0,0.55,0.7,0.95,0.9,0.2,0.175,,,,,,,,,,,,,,
2,9,True,30,1,0,0.0,0.35,0.45,0.3,1.0,0.6,0.325,,,,,,,,,,,,,,
2,10,True,21,1,0,0.0,0.5,0.85,0.3,0.05,0.05,0.1,,,,,,,,,,,,,,
2,11,True,73,1,0,0.0,0.8,0.8,0.6,0.95,0.4,0.075,,,,,,,,,,,,,,
2,12,True,100,2,0,0.0,0.5,0.3,0.95,0.65,0.95,0.4,,,,,,,,,,,,,,
2,13,True,87,1,0,0.0,0.3,0.95,1.0,0.3,0.75,0.475,,,,,,,,,,,,,,
2,14,True,22,1,0,0.0,0.55,0.1,0.65,0.95,0.4,0.325,,,,,,,,,,,,,,
2,15,True,17,1,0,0.0,0.7,0.5,0.6,0.15,0.05,0.075,,,,,,,,,,,,,,
2,16,True,31,1,0,0.0,0.15,0.9,0.2,0.85,0.55,0.475,,,,,,,,,,,,,,
2,17,True,25,1,0,0.0,0.25,0.5,0.6,0.25,0.1,0.425,,,,,,,,,,,,,,
2,18,True,38,1,0,0.0,0.75,0.05,0.55,0.45,0.85,0.175,,,,,,,,,,,,,,
2,19,True,33,1,0,0.0,0.75,0.25,0.55,0.95,0.4,0.275,,,,,,,,,,,,,,
2,20,True,2164,80,0,0.0,0.35,0.4,0.6,0.85,0.7,0.3,,,,,,,,,,,,,,
2,21,True,470,20,0,0.0,0.2,0.45,0.55,1.0,0.05,0.325,,,,,,,,,,,,,,
2,22,True,49,1,0,0.0,0.35,0.8,0.7,0.25,0.4,0.325,,,,,,,,,,,,,,
2,23,True,173,1,0,0.0,0.25,0.2,0.3,0.5,1.0,0.3,,,,,,,,,,,,,,
2,24,True,27,1,0,0.0,1.0,0.05,0.05,0.6,0.0,0.325,,,,,,,,,,,,,,
2,25,True,28,1,0,0.0,0.9,0.2,0.85,0.55,0.2,0.25,,,,,,,,,,,,,,
2,26,True,94,1,0,0.0,1.0,0.95,0.65,0.0,0.5,0.45,,,,,,,,,,,,,,
2,27,True,41,1,0,0.0,0.2,0.85,0.25,0.7,0.85,0.2,,,,,,,,,,,,,,
2,28,True,510,38,0,0.0,0.8,0.6,0.15,0.85,0.6,0.3,,,,,,,,,,,,,,
2,29,False,,12997,126,0.1844802342606149,0.25,0.8,1.0,0.15,0.25,0.325,0.0722222222222222,0.0456676900978279,0.6305555555555555,0.062669523181547,0.7194444444444443,0.0604126754748098,0.042063492063492,0.0364129198316014,0.2642857142857143,0.0830607787738686,0.3317460317460318,0.0307661266288921,90.42063492063492,99.0
2,30,True,41,1,0,0.0,0.75,0.85,0.25,0.25,0.4,0.425,,,,,,,,,,,,,,
2,31,True,33,1,0,0.0,0.85,0.0,0.4,0.3,0.4,0.25,,,,,,,,,,,,,,
2,32,True,28,1,0,0.0,0.2,0.55,0.0,0.2,0.95,0.475,,,,,,,,,,,,,,
2,33,True,13,1,0,0.0,0.95,0.0,0.5,0.7,0.3,0.25,,,,,,,,,,,,,,
2,34,True,31,1,0,0.0,0.2,0.3,0.25,0.6,0.75,0.15,,,,,,,,,,,,,,
2,35,True,1302,49,0,0.0,0.6,0.05,0.35,0.9,0.5,0.4,,,,,,,,,,,,,,
2,36,True,28,1,0,0.0,0.25,0.65,0.75,0.3,0.05,0.25,,,,,,,,,,,,,,
2,37,True,24,1,0,0.0,0.4,0.1,0.8,0.8,0.85,0.075,,,,,,,,,,,,,,
2,38,True,79,1,0,0.0,0.85,0.15,0.3,0.7,0.85,0.45,,,,,,,,,,,,,,
2,39,True,49,3,0,0.0,1.0,0.3,0.9,0.0,0.25,0.025,,,,,,,,,,,,,,
2,40,True,40,1,0,0.0,0.3,0.85,0.75,0.8,0.95,0.05,,,,,,,,,,,,,,
2,41,True,99,1,0,0.0,0.55,0.65,0.55,0.8,0.85,0.25,,,,,,,,,,,,,,
2,42,True,10897,4494,0,0.0,0.15,0.35,0.8,0.5,0.95,0.325,,,,,,,,,,,,,,
2,43,True,13,1,0,0.0,0.95,0.55,0.95,0.0,0.2,0.4,,,,,,,,,,,,,,
2,44,True,31,1,0,0.0,0.05,1.0,0.7,0.8,0.65,0.075,,,,,,,,,,,,,,
2,45,True,41,1,0,0.0,0.1,0.6,0.2,0.35,0.0,0.4,,,,,,,,,,,,,,
2,46,False,,8631,50,0.0732064421669106,0.95,0.25,0.05,0.3,0.9,0.05,0.637,0.0422018956920183,0.321,0.036180105030251,0.218,0.0444522215417857,0.3329999999999999,0.0431393092202459,0.772,0.0334065861769801,0.091,0.0178605710994917,92.86,95.0
2,47,True,34,1,0,0.0,0.6,0.1,0.55,0.2,0.0,0.05,,,,,,,,,,,,,,
2,48,True,17,1,0,0.0,0.65,0.6,0.9,0.55,0.05,0.25,,,,,,,,,,,,,,
2,49,True,21,1,0,0.0,0.75,0.5,0.25,0.8,0.7,0.075,,,,,,,,,,,,,,
2,50,True,35,1,0,0.0,0.9,0.35,0.45,1.0,0.65,0.125,,,,,,,,,,,,,,
2,51,True,63,2,0,0.0,0.9,0.25,0.7,0.0,0.7,0.475,,,,,,,,,,,,,,
2,52,True,64,1,0,0.0,0.8,0.6,0.3,0.75,0.65,0.275,,,,,,,,,,,,,,
2,53,True,74,1,0,0.0,0.6,0.3,0.05,0.5,0.4,0.475,,,,,,,,,,,,,,
2,54,True,56,1,0,0.0,0.6,0.55,0.45,0.1,0.4,0.35,,,,,,,,,,,,,,
2,55,True,23,1,0,0.0,0.55,0.65,0.7,0.3,0.75,0.2,,,,,,,,,,,,,,
2,56,True,28,1,0,0.0,0.7,0.95,1.0,0.45,0.55,0.125,,,,,,,,,,,,,,
2,57,True,73,1,0,0.0,0.35,0.35,0.45,0.25,0.3,0.0,,,,,,,,,,,,,,
2,58,True,29,1,0,0.0,0.8,0.75,0.8,1.0,0.5,0.075,,,,,,,,,,,,,,
2,59,True,36,1,0,0.0,0.2,0.0,0.9,0.8,0.9,0.35,,,,,,,,,,,,,,
2,60,True,204,1,0,0.0,0.2,0.25,0.95,0.85,0.45,0.125,,,,,,,,,,,,,,
2,61,False,,25397,179,0.2620790629575402,0.5,0.35,0.8,0.3,0.75,0.25,0.3134078212290502,0.0843251630486767,0.6614525139664805,0.1403113526341953,0.6128491620111732,0.0720973475741704,0.2058659217877095,0.0808937775856911,0.4662011173184356,0.0875813033214797,0.2032122905027933,0.1179439297937817,97.10055865921788,113.0
2,62,True,179,2,0,0.0,0.7,0.1,0.4,0.6,0.35,0.175,,,,,,,,,,,,,,
2,63,True,78,1,0,0.0,0.05,0.5,0.55,0.7,0.0,0.05,,,,,,,,,,,,,,
2,64,True,906,26,0,0.0,0.45,0.25,0.45,0.85,0.0,0.275,,,,,,,,,,,,,,
2,65,True,28,1,0,0.0,0.75,0.85,0.65,0.55,0.25,0.275,,,,,,,,,,,,,,
2,66,True,18,1,0,0.0,0.65,1.0,0.5,0.55,0.25,0.0,,,,,,,,,,,,,,
2,67,True,5133,4341,0,0.0,0.9,1.0,0.55,0.35,0.65,0.05,,,,,,,,,,,,,,
2,68,True,71,2,0,0.0,0.55,0.0,0.65,0.0,0.45,0.025,,,,,,,,,,,,,,
2,69,False,,5847,76,0.1112737920937042,0.25,0.9,0.1,0.5,0.85,0.275,0.1638157894736841,0.041038079404607,0.8184210526315789,0.0653140718210045,0.2447368421052631,0.0367950827739725,0.2447368421052631,0.0599226186143984,0.5980263157894735,0.0713777891305371,0.2421052631578948,0.0253950777179194,84.21052631578948,90.0
2,70,True,69,2,0,0.0,0.65,0.0,0.25,0.55,0.2,0.275,,,,,,,,,,,,,,
2,71,True,22,1,0,0.0,0.4,0.65,0.4,0.75,0.65,0.425,,,,,,,,,,,,,,
2,72,True,671,30,0,0.0,0.3,0.25,0.7,0.2,0.9,0.45,,,,,,,,,,,,,,
2,73,False,,6448,38,0.0556368960468521,1.0,0.45,0.15,0.4,0.15,0.325,0.7473684210526317,0.0584305350294066,0.4302631578947368,0.0269977428008989,0.3223684210526316,0.0665872680467368,0.2973684210526315,0.054948981625845,0.0986842105263157,0.0421258173515319,0.3453947368421052,0.0150167265927806,85.02631578947368,88.0
2,74,True,39,1,0,0.0,0.7,0.3,0.6,0.95,0.95,0.325,,,,,,,,,,,,,,
2,75,True,43,1,0,0.0,0.4,0.25,0.65,0.9,1.0,0.35,,,,,,,,,,,,,,
2,76,True,61,1,0,0.0,0.05,0.15,0.95,0.9,0.1,0.025,,,,,,,,,,,,,,
2,77,True,89,1,0,0.0,0.9,0.75,0.0,0.7,0.65,0.3,,,,,,,,,,,,,,
2,78,True,133,2,0,0.0,0.3,0.45,0.8,0.6,0.8,0.475,,,,,,,,,,,,,,
2,79,True,25,1,0,0.0,0.8,0.4,1.0,0.45,0.45,0.15,,,,,,,,,,,,,,
2,80,True,3624,571,0,0.0,0.05,0.95,0.7,0.4,1.0,0.1,,,,,,,,,,,,,,
2,81,True,31,1,0,0.0,0.1,0.6,0.5,0.85,1.0,0.4,,,,,,,,,,,,,,
2,82,True,48,1,0,0.0,0.0,0.3,1.0,0.15,0.0,0.45,,,,,,,,,,,,,,
2,83,False,,14545,148,0.2166910688140556,0.55,0.95,0.35,0.35,0.7,0.275,0.3695945945945945,0.0975433263289812,0.6753378378378379,0.0610982321651243,0.4520270270270271,0.0442193466809626,0.1564189189189189,0.0520785546870371,0.5743243243243243,0.0734033853163109,0.2570945945945946,0.0376730848502341,86.54729729729729,92.0
2,84,True,166,1,0,0.0,0.15,0.15,0.85,0.35,0.95,0.25,,,,,,,,,,,,,,
2,85,True,26,1,0,0.0,0.5,0.5,0.85,0.05,0.2,0.2,,,,,,,,,,,,,,
2,86,True,12,1,0,0.0,1.0,0.95,0.85,0.3,0.35,0.3,,,,,,,,,,,,,,
2,87,True,41,1,0,0.0,0.65,0.95,0.2,0.7,0.1,0.25,,,,,,,,,,,,,,
2,88,True,44,1,0,0.0,0.1,0.85,0.7,0.6,0.4,0.3,,,,,,,,,,,,,,
2,89,True,37,1,0,0.0,0.35,0.55,0.45,0.7,0.1,0.45,,,,,,,,,,,,,,
2,90,True,59,1,0,0.0,0.7,0.8,0.55,0.6,0.6,0.325,,,,,,,,,,,,,,
2,91,True,325,13,0,0.0,0.45,0.95,0.65,0.95,0.65,0.1,,,,,,,,,,,,,,
2,92,True,27,1,0,0.0,0.6,0.75,0.25,0.35,0.75,0.125,,,,,,,,,,,,,,
2,93,True,41,1,0,0.0,0.45,1.0,0.8,0.75,0.7,0.3,,,,,,,,,,,,,,
2,94,True,23,1,0,0.0,0.25,0.4,0.95,0.2,0.55,0.325,,,,,,,,,,,,,,
2,95,True,682,47,0,0.0,0.55,0.0,0.3,0.75,0.0,0.35,,,,,,,,,,,,,,
2,96,True,32,1,0,0.0,0.9,0.35,1.0,0.2,0.65,0.175,,,,,,,,,,,,,,
2,97,True,51,1,0,0.0,0.7,0.35,0.65,0.25,0.15,0.0,,,,,,,,,,,,,,
2,98,True,59,1,0,0.0,0.9,0.25,0.15,0.35,0.35,0.225,,,,,,,,,,,,,,
2,99,True,86,2,0,0.0,0.55,0.6,0.9,0.25,0.3,0.375,,,,,,,,,,,,,,
3,0,True,63,1,0,0.0,0.0,0.15,0.6,0.1,0.0,0.425,,,,,,,,,,,,,,
3,1,True,96,1,0,0.0,0.15,0.95,0.65,0.3,0.85,0.425,,,,,,,,,,,,,,
3,2,True,69,2,0,0.0,0.9,0.45,0.7,0.15,0.3,0.4,,,,,,,,,,,,,,
3,3,True,76,4,0,0.0,0.65,0.4,0.35,0.05,0.65,0.3,,,,,,,,,,,,,,
3,4,True,56,1,0,0.0,0.35,0.7,0.6,0.8,0.05,0.45,,,,,,,,,,,,,,
3,5,False,,19234,112,0.1888701517706576,0.9,0.85,0.0,0.6,0.15,0.1,0.7089285714285715,0.0678806350312436,0.7406249999999999,0.0872525199185837,0.121875,0.0660699203495811,0.4174107142857143,0.0507575739547854,0.2540178571428571,0.0513819698335864,0.1196428571428571,0.0253168694263532,83.99107142857143,92.0
3,6,True,159,2,0,0.0,0.05,0.4,0.8,0.95,0.15,0.375,,,,,,,,,,,,,,
3,7,False,,14953,103,0.1736930860033727,0.3,0.75,0.3,0.05,0.1,0.3,0.1669902912621359,0.0719200601457721,0.7757281553398057,0.0573966262285726,0.3368932038834952,0.0623025677946968,0.0815533980582524,0.0462109406108826,0.1771844660194174,0.0787575544316522,0.283009708737864,0.0345240861877564,87.53398058252426,93.0
3,8,True,373,15,0,0.0,1.0,0.4,0.45,0.6,0.35,0.45,,,,,,,,,,,,,,
3,9,True,82,3,0,0.0,0.5,0.05,0.85,0.15,0.9,0.35,,,,,,,,,,,,,,
3,10,True,343,6,0,0.0,0.15,0.75,0.35,0.5,0.6,0.25,,,,,,,,,,,,,,
3,11,True,19,1,0,0.0,0.8,0.3,0.55,0.8,0.6,0.175,,,,,,,,,,,,,,
3,12,True,15,1,0,0.0,0.65,0.1,0.8,1.0,0.25,0.175,,,,,,,,,,,,,,
3,13,True,46,1,0,0.0,0.9,0.25,0.0,0.55,0.7,0.2,,,,,,,,,,,,,,
3,14,True,121,1,0,0.0,0.05,0.15,0.3,0.25,0.4,0.125,,,,,,,,,,,,,,
3,15,True,81,1,0,0.0,0.35,1.0,0.05,0.5,0.6,0.4,,,,,,,,,,,,,,
3,16,True,78,2,0,0.0,0.85,0.35,0.15,0.45,0.15,0.225,,,,,,,,,,,,,,
3,17,True,168,6,0,0.0,0.3,0.05,0.55,0.55,0.35,0.45,,,,,,,,,,,,,,
3,18,True,98,1,0,0.0,1.0,0.85,0.1,1.0,0.0,0.5,,,,,,,,,,,,,,
3,19,True,84,2,0,0.0,0.75,0.7,0.75,0.4,0.5,0.375,,,,,,,,,,,,,,
3,20,True,47,1,0,0.0,0.35,1.0,0.4,0.05,0.8,0.125,,,,,,,,,,,,,,
3,21,True,23,1,0,0.0,0.75,0.15,0.0,1.0,0.75,0.1,,,,,,,,,,,,,,
3,22,True,44,1,0,0.0,0.8,0.35,0.8,0.25,0.05,0.025,,,,,,,,,,,,,,
3,23,True,29,1,0,0.0,0.3,0.45,0.6,0.55,0.0,0.0,,,,,,,,,,,,,,
3,24,True,59,1,0,0.0,0.3,0.8,0.5,0.95,0.75,0.45,,,,,,,,,,,,,,
3,25,True,104,1,0,0.0,0.15,1.0,0.1,0.3,0.5,0.4,,,,,,,,,,,,,,
3,26,True,163,3,0,0.0,0.7,0.4,0.4,0.5,0.2,0.275,,,,,,,,,,,,,,
3,27,True,39,1,0,0.0,0.2,0.3,0.65,0.1,0.45,0.425,,,,,,,,,,,,,,
3,28,True,156,2,0,0.0,0.15,0.4,0.8,0.65,0.8,0.45,,,,,,,,,,,,,,
3,29,True,63,3,0,0.0,0.55,0.35,0.35,0.1,0.35,0.25,,,,,,,,,,,,,,
3,30,False,,25246,205,0.3456998313659359,1.0,0.1,0.8,0.6,0.35,0.4,0.4987804878048781,0.2285926734411703,0.4402439024390244,0.2795509273806922,0.6431707317073171,0.1340811371464643,0.4163414634146341,0.0798705079292902,0.31,0.0557433141566836,0.2867073170731707,0.043443399623541,81.80975609756098,96.0
3,31,True,33,1,0,0.0,0.25,0.0,0.2,0.65,0.3,0.425,,,,,,,,,,,,,,
3,32,True,110,1,0,0.0,1.0,0.2,0.0,0.45,0.3,0.325,,,,,,,,,,,,,,
3,33,True,74,1,0,0.0,0.3,0.6,0.6,0.15,0.3,0.0,,,,,,,,,,,,,,
3,34,True,108,1,0,0.0,0.1,0.8,0.2,0.75,0.7,0.0,,,,,,,,,,,,,,
3,35,True,125,5,0,0.0,0.6,0.15,1.0,0.5,0.7,0.45,,,,,,,,,,,,,,
3,36,True,87,2,0,0.0,0.95,0.4,0.55,0.35,0.7,0.4,,,,,,,,,,,,,,
3,37,True,31,1,0,0.0,0.4,0.8,0.25,0.85,0.15,0.275,,,,,,,,,,,,,,
3,38,True,41,1,0,0.0,0.45,0.3,0.95,0.7,0.55,0.25,,,,,,,,,,,,,,
3,39,True,23,1,0,0.0,0.35,0.7,0.9,0.05,0.1,0.0,,,,,,,,,,,,,,
3,40,True,43,1,0,0.0,1.0,0.75,0.95,0.4,0.55,0.025,,,,,,,,,,,,,,
3,41,True,121,2,0,0.0,0.15,0.05,0.7,0.8,0.65,0.25,,,,,,,,,,,,,,
3,42,True,26,1,0,0.0,0.25,0.75,0.25,0.1,0.55,0.35,,,,,,,,,,,,,,
3,43,True,31,1,0,0.0,0.5,0.4,0.65,0.0,0.5,0.225,,,,,,,,,,,,,,
3,44,True,53,1,0,0.0,0.8,0.85,0.55,0.25,0.55,0.125,,,,,,,,,,,,,,
3,45,True,41,1,0,0.0,0.4,0.2,0.2,0.5,0.9,0.325,,,,,,,,,,,,,,
3,46,True,109,2,0,0.0,0.4,0.05,0.1,0.35,0.1,0.1,,,,,,,,,,,,,,
3,47,True,52,2,0,0.0,0.9,0.9,0.9,0.5,0.5,0.175,,,,,,,,,,,,,,
3,48,True,21,1,0,0.0,0.9,0.35,0.65,0.9,0.5,0.025,,,,,,,,,,,,,,
3,49,True,68,1,0,0.0,0.1,0.5,0.3,0.55,0.0,0.225,,,,,,,,,,,,,,
3,50,True,174,5,0,0.0,0.2,0.9,0.2,0.35,1.0,0.45,,,,,,,,,,,,,,
3,51,True,38,1,0,0.0,0.9,0.05,0.3,0.05,0.1,0.225,,,,,,,,,,,,,,
3,52,True,30,1,0,0.0,0.55,0.05,0.2,0.1,0.35,0.4,,,,,,,,,,,,,,
3,53,True,139,2,0,0.0,0.55,0.6,0.55,0.8,0.25,0.1,,,,,,,,,,,,,,
3,54,True,63,1,0,0.0,0.0,0.55,0.0,0.85,0.4,0.05,,,,,,,,,,,,,,
3,55,True,111,1,0,0.0,0.2,0.45,0.45,0.95,0.45,0.35,,,,,,,,,,,,,,
3,56,True,49,1,0,0.0,1.0,0.25,0.9,0.2,0.05,0.05,,,,,,,,,,,,,,
3,57,True,34,1,0,0.0,0.7,0.65,0.3,0.55,0.85,0.075,,,,,,,,,,,,,,
3,58,True,26,1,0,0.0,0.75,0.25,0.7,0.55,0.05,0.225,,,,,,,,,,,,,,
3,59,True,71,1,0,0.0,0.4,0.2,0.3,0.95,0.15,0.475,,,,,,,,,,,,,,
3,60,True,21,1,0,0.0,0.35,0.25,0.85,0.75,0.95,0.325,,,,,,,,,,,,,,
3,61,True,51,1,0,0.0,0.65,0.4,0.8,0.65,1.0,0.175,,,,,,,,,,,,,,
3,62,True,59,6,0,0.0,0.95,0.75,0.55,0.1,0.6,0.1,,,,,,,,,,,,,,
3,63,True,56,1,0,0.0,0.55,0.1,0.25,0.05,0.2,0.175,,,,,,,,,,,,,,
3,64,True,95,1,0,0.0,0.5,0.25,0.5,0.05,0.4,0.35,,,,,,,,,,,,,,
3,65,True,14,1,0,0.0,0.85,0.05,0.7,0.8,0.4,0.275,,,,,,,,,,,,,,
3,66,True,7119,3341,0,0.0,0.35,1.0,0.6,0.9,0.15,0.15,,,,,,,,,,,,,,
3,67,True,59,1,0,0.0,0.1,0.7,0.05,0.0,0.4,0.425,,,,,,,,,,,,,,
3,68,True,148,3,0,0.0,0.6,0.55,0.15,0.9,0.8,0.075,,,,,,,,,,,,,,
3,69,True,124,3,0,0.0,0.95,0.0,0.55,0.8,0.5,0.3,,,,,,,,,,,,,,
3,70,True,146,1,0,0.0,0.1,0.2,0.6,0.45,0.95,0.35,,,,,,,,,,,,,,
3,71,True,53,1,0,0.0,0.8,0.7,0.2,0.5,0.3,0.4,,,,,,,,,,,,,,
3,72,True,24,1,0,0.0,0.5,0.0,0.55,0.65,0.45,0.5,,,,,,,,,,,,,,
3,73,True,48,1,0,0.0,0.35,0.45,0.85,0.95,0.0,0.175,,,,,,,,,,,,,,
3,74,True,101,2,0,0.0,0.4,0.75,0.15,0.4,0.15,0.025,,,,,,,,,,,,,,
3,75,True,284,18,0,0.0,1.0,0.25,0.85,1.0,0.5,0.125,,,,,,,,,,,,,,
3,76,True,18,1,0,0.0,0.45,0.4,1.0,0.6,0.75,0.05,,,,,,,,,,,,,,
3,77,True,66,2,0,0.0,0.0,0.05,0.25,0.2,0.45,0.45,,,,,,,,,,,,,,
3,78,True,103,1,0,0.0,0.55,0.8,0.35,0.2,0.35,0.35,,,,,,,,,,,,,,
3,79,True,33,1,0,0.0,0.75,0.85,0.95,0.6,0.0,0.025,,,,,,,,,,,,,,
3,80,False,,9140,65,0.1096121416526138,0.8,0.15,1.0,0.75,0.3,0.2,0.7230769230769231,0.0846153846153846,0.1638461538461538,0.0434189716666771,0.8876923076923078,0.0911595259509264,0.5069230769230769,0.0619409911975304,0.4138461538461538,0.0406747817427762,0.2034615384615384,0.0568190317311365,76.93846153846154,82.0
3,81,True,48,1,0,0.0,0.0,1.0,0.35,0.85,0.25,0.5,,,,,,,,,,,,,,
3,82,True,103,2,0,0.0,0.15,0.85,0.9,0.0,0.65,0.275,,,,,,,,,,,,,,
3,83,True,50,1,0,0.0,0.55,0.5,0.9,0.6,0.1,0.4,,,,,,,,,,,,,,
3,84,True,73,1,0,0.0,0.35,0.65,0.65,0.4,1.0,0.45,,,,,,,,,,,,,,
3,85,True,15,1,0,0.0,0.65,0.1,0.55,0.3,0.85,0.375,,,,,,,,,,,,,,
3,86,True,1391,126,0,0.0,0.95,0.45,0.3,0.95,0.5,0.375,,,,,,,,,,,,,,
3,87,True,23,1,0,0.0,0.45,0.9,0.5,0.65,0.25,0.35,,,,,,,,,,,,,,
3,88,True,99,2,0,0.0,0.25,0.35,0.35,0.55,0.6,0.0,,,,,,,,,,,,,,
3,89,True,78,1,0,0.0,0.85,0.5,0.15,0.8,0.1,0.2,,,,,,,,,,,,,,
3,90,True,26,1,0,0.0,0.35,0.95,0.0,0.9,0.9,0.5,,,,,,,,,,,,,,
3,91,True,33,1,0,0.0,0.5,0.8,0.15,0.1,0.6,0.2,,,,,,,,,,,,,,
3,92,True,53,1,0,0.0,0.5,0.1,0.5,0.1,0.6,0.225,,,,,,,,,,,,,,
3,93,False,,15348,108,0.1821247892074199,0.45,1.0,0.0,0.6,0.25,0.275,0.2824074074074074,0.07015683977598,0.8439814814814814,0.0669153668728726,0.1041666666666666,0.0694305541663888,0.3611111111111111,0.0558326423395605,0.2597222222222222,0.0654253650739659,0.2648148148148148,0.0252389132785907,79.70370370370371,85.0
3,94,True,104,2,0,0.0,0.9,0.35,0.05,0.0,0.1,0.175,,,,,,,,,,,,,,
3,95,True,91,4,0,0.0,0.2,0.0,0.95,0.15,0.05,0.225,,,,,,,,,,,,,,
3,96,True,184,5,0,0.0,0.75,0.65,0.4,0.55,0.65,0.5,,,,,,,,,,,,,,
3,97,True,25,1,0,0.0,0.7,1.0,0.15,0.8,0.8,0.375,,,,,,,,,,,,,,
3,98,True,94,1,0,0.0,0.0,1.0,0.2,0.7,0.45,0.2,,,,,,,,,,,,,,
3,99,True,33,1,0,0.0,0.05,0.3,0.25,0.6,0.7,0.5,,,,,,,,,,,,,,
4,0,True,32,1,0,0.0,0.65,0.7,0.85,0.35,0.4,0.175,,,,,,,,,,,,,,
4,1,True,53,1,0,0.0,0.15,0.45,0.3,0.9,0.9,0.125,,,,,,,,,,,,,,
4,2,True,231,1,0,0.0,0.2,0.95,1.0,0.9,0.45,0.075,,,,,,,,,,,,,,
4,3,True,79,2,0,0.0,0.9,0.8,0.95,0.4,0.4,0.45,,,,,,,,,,,,,,
4,4,True,49,1,0,0.0,0.05,0.85,0.35,0.0,0.45,0.475,,,,,,,,,,,,,,
4,5,True,94,3,0,0.0,0.5,0.7,0.2,0.15,0.8,0.075,,,,,,,,,,,,,,
4,6,True,21,1,0,0.0,0.5,0.9,0.9,0.7,1.0,0.075,,,,,,,,,,,,,,
4,7,True,68,1,0,0.0,0.8,0.25,0.05,0.6,0.35,0.35,,,,,,,,,,,,,,
4,8,False,,19619,126,0.2135593220338983,0.8,0.6,0.2,0.35,0.45,0.025,0.4845238095238096,0.1141678459644141,0.5777777777777776,0.0461001134331987,0.3063492063492064,0.0663636347948154,0.1892857142857142,0.0430056949242582,0.4488095238095238,0.0543592859849089,0.0962301587301587,0.0383265341171768,86.3015873015873,94.0
4,9,True,65,1,0,0.0,0.0,0.25,0.85,0.4,0.1,0.25,,,,,,,,,,,,,,
4,10,True,301,5,0,0.0,0.55,0.7,0.3,0.95,0.9,0.45,,,,,,,,,,,,,,
4,11,True,33,1,0,0.0,0.35,0.85,0.0,1.0,0.2,0.05,,,,,,,,,,,,,,
4,12,True,63,1,0,0.0,0.05,0.6,0.05,0.45,0.35,0.075,,,,,,,,,,,,,,
4,13,True,43,1,0,0.0,0.55,0.25,1.0,0.45,0.0,0.075,,,,,,,,,,,,,,
4,14,True,45,1,0,0.0,0.6,0.25,0.0,0.45,0.6,0.1,,,,,,,,,,,,,,
4,15,True,28,1,0,0.0,0.75,0.5,0.8,0.45,0.25,0.225,,,,,,,,,,,,,,
4,16,True,15,1,0,0.0,0.75,0.55,0.75,0.9,0.2,0.25,,,,,,,,,,,,,,
4,17,True,48,1,0,0.0,0.5,0.65,0.95,0.1,0.95,0.025,,,,,,,,,,,,,,
4,18,True,64,3,0,0.0,0.9,0.2,0.95,0.3,0.9,0.475,,,,,,,,,,,,,,
4,19,True,84,1,0,0.0,0.25,0.8,0.05,0.3,0.9,0.2,,,,,,,,,,,,,,
4,20,True,185,2,0,0.0,0.2,0.3,0.6,1.0,1.0,0.375,,,,,,,,,,,,,,
4,21,True,61,1,0,0.0,0.45,0.75,0.15,0.2,0.3,0.05,,,,,,,,,,,,,,
4,22,True,199,2,0,0.0,0.1,0.0,0.7,0.85,0.6,0.3,,,,,,,,,,,,,,
4,23,False,,7617,47,0.0796610169491525,0.35,0.95,0.1,0.95,0.3,0.4,0.2574468085106383,0.0449334299615805,0.5627659574468086,0.0878030224764397,0.35,0.0545776822909815,0.423404255319149,0.1114942340985013,0.3819148936170212,0.0509751002157912,0.3058510638297873,0.0435196109980484,75.59574468085107,78.0
4,24,True,31,1,0,0.0,0.9,0.8,0.3,0.85,0.1,0.175,,,,,,,,,,,,,,
4,25,True,22,1,0,0.0,0.5,0.3,0.6,0.8,0.35,0.1,,,,,,,,,,,,,,
4,26,True,43,1,0,0.0,0.55,0.9,0.55,0.4,0.0,0.15,,,,,,,,,,,,,,
4,27,True,56,1,0,0.0,0.15,0.65,0.2,0.35,0.35,0.4,,,,,,,,,,,,,,
4,28,True,82,1,0,0.0,0.45,0.95,0.45,0.3,0.3,0.5,,,,,,,,,,,,,,
4,29,True,20,1,0,0.0,0.55,0.6,1.0,0.3,0.2,0.45,,,,,,,,,,,,,,
4,30,True,26,1,0,0.0,0.65,0.0,0.65,0.75,0.7,0.275,,,,,,,,,,,,,,
4,31,True,115,2,0,0.0,0.95,0.35,0.95,0.3,0.45,0.0,,,,,,,,,,,,,,
4,32,True,1026,111,0,0.0,0.85,0.8,0.2,0.95,0.4,0.15,,,,,,,,,,,,,,
4,33,True,83,2,0,0.0,0.0,0.55,0.35,0.15,0.0,0.375,,,,,,,,,,,,,,
4,34,True,49,1,0,0.0,0.1,0.6,0.85,0.3,0.8,0.0,,,,,,,,,,,,,,
4,35,True,58,1,0,0.0,0.9,0.05,0.85,0.8,0.0,0.25,,,,,,,,,,,,,,
4,36,True,59,2,0,0.0,1.0,1.0,0.75,0.25,0.35,0.35,,,,,,,,,,,,,,
4,37,True,44,1,0,0.0,0.05,0.4,0.5,0.7,0.7,0.5,,,,,,,,,,,,,,
4,38,True,96,1,0,0.0,0.05,0.55,0.3,0.9,0.85,0.4,,,,,,,,,,,,,,
4,39,True,168,2,0,0.0,0.2,0.25,0.25,0.9,0.05,0.45,,,,,,,,,,,,,,
4,40,True,164,5,0,0.0,0.6,0.0,1.0,0.45,0.8,0.4,,,,,,,,,,,,,,
4,41,True,116,6,0,0.0,0.45,0.35,0.1,0.05,0.55,0.35,,,,,,,,,,,,,,
4,42,False,,7048,31,0.0525423728813559,0.9,0.25,0.1,0.7,0.05,0.425,0.6483870967741935,0.0574791280038885,0.3161290322580645,0.0233731883003055,0.1693548387096774,0.0351893939181797,0.5387096774193548,0.057795073765061,0.0483870967741935,0.0237047394462888,0.3491935483870967,0.018495717647064,78.16129032258064,81.0
4,43,True,16,1,0,0.0,0.8,0.9,0.3,0.65,0.8,0.225,,,,,,,,,,,,,,
4,44,True,33,1,0,0.0,0.7,0.65,0.95,0.65,0.15,0.175,,,,,,,,,,,,,,
4,45,True,34,1,0,0.0,0.4,0.45,0.25,0.9,0.3,0.425,,,,,,,,,,,,,,
4,46,True,49,1,0,0.0,1.0,0.4,1.0,0.05,0.0,0.0,,,,,,,,,,,,,,
4,47,True,24,1,0,0.0,0.95,0.9,0.3,0.1,0.0,0.075,,,,,,,,,,,,,,
4,48,True,59,1,0,0.0,0.85,0.8,0.5,0.6,0.45,0.325,,,,,,,,,,,,,,
4,49,False,,30805,217,0.3677966101694915,0.75,0.1,1.0,0.5,0.8,0.0,0.5476958525345622,0.062543917335755,0.2149769585253456,0.0937892746561088,0.7546082949308756,0.1487333881839824,0.3741935483870968,0.0584154779915029,0.6267281105990782,0.2298564665189509,0.0799539170506912,0.0848975945654394,88.8110599078341,122.0
4,50,True,33,1,0,0.0,0.0,0.95,0.6,0.35,0.0,0.375,,,,,,,,,,,,,,
4,51,True,154,2,0,0.0,0.15,0.8,0.35,0.5,0.6,0.225,,,,,,,,,,,,,,
4,52,True,31,1,0,0.0,0.55,0.2,0.4,0.45,0.2,0.05,,,,,,,,,,,,,,
4,53,True,148,2,0,0.0,0.25,0.1,0.65,0.9,0.7,0.15,,,,,,,,,,,,,,
4,54,True,191,5,0,0.0,0.85,0.05,0.85,1.0,0.85,0.5,,,,,,,,,,,,,,
4,55,True,56,1,0,0.0,0.15,0.6,0.35,0.5,0.75,0.05,,,,,,,,,,,,,,
4,56,True,40,1,0,0.0,0.55,0.65,0.45,0.8,0.6,0.0,,,,,,,,,,,,,,
4,57,True,19,1,0,0.0,0.75,0.7,0.5,0.0,0.05,0.225,,,,,,,,,,,,,,
4,58,True,33,1,0,0.0,0.05,0.8,0.45,0.55,0.65,0.175,,,,,,,,,,,,,,
4,59,True,45,1,0,0.0,0.25,0.25,0.35,1.0,0.25,0.175,,,,,,,,,,,,,,
4,60,True,63,1,0,0.0,0.25,0.85,0.1,0.5,0.2,0.075,,,,,,,,,,,,,,
4,61,True,48,1,0,0.0,0.0,0.8,0.1,0.1,0.15,0.125,,,,,,,,,,,,,,
4,62,False,,7094,52,0.0881355932203389,0.05,0.9,0.5,0.2,0.4,0.175,0.110576923076923,0.0531114018447749,0.6336538461538462,0.1027137329997579,0.5125,0.0626920127411655,0.1990384615384615,0.0443872649522453,0.35,0.0480384461415261,0.1509615384615384,0.0353422614413252,81.0,84.0
4,63,True,39,1,0,0.0,0.2,0.4,0.95,0.65,0.75,0.425,,,,,,,,,,,,,,
4,64,True,31,1,0,0.0,0.05,0.1,0.15,0.65,0.65,0.125,,,,,,,,,,,,,,
4,65,True,94,1,0,0.0,0.1,0.55,0.1,0.9,0.0,0.3,,,,,,,,,,,,,,
4,66,True,101,1,0,0.0,0.4,1.0,0.95,0.55,0.65,0.375,,,,,,,,,,,,,,
4,67,True,45,1,0,0.0,0.05,0.5,0.45,0.15,0.95,0.225,,,,,,,,,,,,,,
4,68,True,21,1,0,0.0,0.7,0.0,0.9,0.35,0.05,0.15,,,,,,,,,,,,,,
4,69,True,51,1,0,0.0,0.1,0.0,0.3,0.25,0.3,0.425,,,,,,,,,,,,,,
4,70,True,47,1,0,0.0,0.45,0.9,0.5,1.0,0.15,0.025,,,,,,,,,,,,,,
4,71,True,33,1,0,0.0,0.65,0.7,0.1,0.15,0.85,0.3,,,,,,,,,,,,,,
4,72,True,75,1,0,0.0,0.45,0.95,0.1,0.5,1.0,0.225,,,,,,,,,,,,,,
4,73,True,73,1,0,0.0,0.9,0.8,0.05,0.7,0.55,0.125,,,,,,,,,,,,,,
4,74,True,32,1,0,0.0,0.2,0.2,0.05,0.7,0.7,0.3,,,,,,,,,,,,,,
4,75,True,33,1,0,0.0,0.6,0.55,0.0,0.1,0.15,0.4,,,,,,,,,,,,,,
4,76,True,168,1,0,0.0,0.35,0.8,0.2,0.8,0.95,0.325,,,,,,,,,,,,,,
4,77,True,21,1,0,0.0,0.5,0.9,0.6,0.3,0.5,0.2,,,,,,,,,,,,,,
4,78,True,33,1,0,0.0,0.0,0.4,0.0,0.45,0.8,0.45,,,,,,,,,,,,,,
4,79,True,48,1,0,0.0,0.0,0.65,0.3,0.55,0.2,0.5,,,,,,,,,,,,,,
4,80,True,60,1,0,0.0,0.5,0.75,0.55,0.05,0.0,0.325,,,,,,,,,,,,,,
4,81,True,109,1,0,0.0,0.95,0.9,0.4,0.95,0.7,0.075,,,,,,,,,,,,,,
4,82,True,66,1,0,0.0,0.25,0.75,0.75,0.75,1.0,0.025,,,,,,,,,,,,,,
4,83,True,166,2,0,0.0,0.95,0.3,0.6,0.85,0.85,0.35,,,,,,,,,,,,,,
4,84,True,236,5,0,0.0,0.25,0.0,1.0,0.85,0.3,0.0,,,,,,,,,,,,,,
4,85,True,47,1,0,0.0,0.6,0.95,0.5,0.95,0.75,0.075,,,,,,,,,,,,,,
4,86,True,23,1,0,0.0,0.75,0.2,0.25,0.05,0.9,0.35,,,,,,,,,,,,,,
4,87,False,,17534,117,0.1983050847457627,0.55,0.7,0.55,0.25,0.1,0.4,0.3829059829059829,0.0439319564987911,0.6448717948717949,0.0503766223189448,0.4615384615384615,0.080962325147933,0.0773504273504273,0.0785813657734829,0.158974358974359,0.070896392629223,0.3294871794871795,0.0401140714029795,89.05128205128206,99.0
4,88,True,78,1,0,0.0,0.0,0.7,0.15,0.0,0.45,0.45,,,,,,,,,,,,,,
4,89,True,65,1,0,0.0,1.0,0.4,0.4,0.85,0.3,0.3,,,,,,,,,,,,,,
4,90,True,136,1,0,0.0,0.1,0.95,0.6,0.9,0.65,0.4,,,,,,,,,,,,,,
4,91,True,35,1,0,0.0,0.9,0.45,0.55,0.65,0.45,0.325,,,,,,,,,,,,,,
4,92,True,34,1,0,0.0,0.7,0.6,0.45,0.6,0.5,0.35,,,,,,,,,,,,,,
4,93,True,64,1,0,0.0,1.0,0.15,0.6,0.6,0.1,0.25,,,,,,,,,,,,,,
4,94,True,16,1,0,0.0,0.85,0.55,0.7,0.15,0.2,0.4,,,,,,,,,,,,,,
4,95,True,114,1,0,0.0,0.05,0.0,0.45,0.6,0.0,0.225,,,,,,,,,,,,,,
4,96,True,33,1,0,0.0,0.45,0.8,0.55,0.6,0.9,0.45,,,,,,,,,,,,,,
4,97,True,19,1,0,0.0,0.6,0.95,0.4,0.3,0.0,0.225,,,,,,,,,,,,,,
4,98,True,58,1,0,0.0,0.1,0.25,0.6,0.8,0.15,0.1,,,,,,,,,,,,,,
4,99,True,39,1,0,0.0,0.5,0.7,0.75,0.8,0.7,0.1,,,,,,,,,,,,,,
5,0,True,48,1,0,0.0,0.35,0.6,0.5,0.45,0.8,0.4,,,,,,,,,,,,,,
5,1,True,125,3,0,0.0,0.55,0.45,0.5,0.25,0.0,0.3,,,,,,,,,,,,,,
5,2,True,91,1,0,0.0,0.9,0.7,0.95,1.0,0.15,0.125,,,,,,,,,,,,,,
5,3,True,94,1,0,0.0,0.85,0.0,0.05,0.35,0.75,0.5,,,,,,,,,,,,,,
5,4,True,425,6,0,0.0,0.85,0.95,0.05,0.7,0.9,0.225,,,,,,,,,,,,,,
5,5,True,25,1,0,0.0,0.8,0.75,0.55,0.85,0.25,0.45,,,,,,,,,,,,,,
5,6,True,34,1,0,0.0,0.8,0.95,0.2,1.0,0.55,0.35,,,,,,,,,,,,,,
5,7,True,75,3,0,0.0,0.3,0.3,0.5,0.15,0.6,0.225,,,,,,,,,,,,,,
5,8,True,29,1,0,0.0,0.95,0.45,0.1,0.25,0.1,0.3,,,,,,,,,,,,,,
5,9,True,28,1,0,0.0,1.0,0.0,0.65,0.45,0.25,0.5,,,,,,,,,,,,,,
5,10,True,71,1,0,0.0,0.1,1.0,0.8,0.5,0.1,0.375,,,,,,,,,,,,,,
5,11,True,39,1,0,0.0,0.85,0.1,1.0,0.1,0.5,0.1,,,,,,,,,,,,,,
5,12,True,34,2,0,0.0,1.0,0.9,0.95,0.1,0.55,0.025,,,,,,,,,,,,,,
5,13,True,44,1,0,0.0,0.05,0.65,0.45,0.6,0.1,0.45,,,,,,,,,,,,,,
5,14,True,49,1,0,0.0,0.85,0.15,0.55,0.4,0.0,0.45,,,,,,,,,,,,,,
5,15,True,91,2,0,0.0,0.2,0.6,0.75,0.15,0.3,0.375,,,,,,,,,,,,,,
5,16,False,,5209,41,0.0681063122923588,0.1,0.95,0.65,0.7,0.25,0.05,0.1621951219512195,0.0214717278800719,0.848780487804878,0.0474827373998336,0.6268292682926829,0.0350914501705808,0.3939024390243903,0.076664554368301,0.3134146341463414,0.042804704328742,0.1658536585365853,0.0320803571657705,83.36585365853658,88.0
5,17,True,89,1,0,0.0,0.3,0.1,0.0,0.8,0.6,0.475,,,,,,,,,,,,,,
5,18,False,,15832,93,0.154485049833887,0.25,0.35,0.25,0.15,0.45,0.1,0.1892473118279569,0.0522861555544697,0.4016129032258064,0.0588654438415956,0.4086021505376344,0.0764197716612103,0.1817204301075267,0.0317796058196379,0.360752688172043,0.0595003670204598,0.153763440860215,0.0331877674865472,85.33333333333333,97.0
5,19,True,20,1,0,0.0,1.0,0.35,0.05,0.15,0.7,0.45,,,,,,,,,,,,,,
5,20,True,62,1,0,0.0,0.5,0.7,0.4,0.0,0.25,0.5,,,,,,,,,,,,,,
5,21,True,44,1,0,0.0,0.3,0.8,0.25,0.35,0.0,0.35,,,,,,,,,,,,,,
5,22,True,166,5,0,0.0,0.35,0.15,0.7,0.15,0.95,0.45,,,,,,,,,,,,,,
5,23,True,49,1,0,0.0,0.25,0.15,0.1,0.5,0.6,0.4,,,,,,,,,,,,,,
5,24,True,143,4,0,0.0,0.8,0.95,0.75,0.6,0.85,0.1,,,,,,,,,,,,,,
5,25,True,850,177,0,0.0,0.85,0.15,0.35,1.0,0.25,0.225,,,,,,,,,,,,,,
5,26,True,68,1,0,0.0,0.05,0.2,0.85,0.25,0.05,0.35,,,,,,,,,,,,,,
5,27,True,40,1,0,0.0,0.45,0.5,0.0,0.8,0.1,0.05,,,,,,,,,,,,,,
5,28,True,184,2,0,0.0,0.25,0.55,0.95,0.75,0.05,0.05,,,,,,,,,,,,,,
5,29,True,286,6,0,0.0,0.55,0.1,0.85,0.9,0.9,0.475,,,,,,,,,,,,,,
5,30,False,,8077,64,0.1063122923588039,0.0,0.4,0.2,0.65,0.85,0.025,0.1429687499999999,0.03408077204873,0.40234375,0.0495524402621858,0.38515625,0.0818151916574024,0.3249999999999999,0.0537645329190164,0.6734375,0.0515151297557329,0.02890625,0.0188635882307025,76.96875,80.0
5,31,True,64,1,0,0.0,0.1,0.55,0.45,0.85,0.2,0.3,,,,,,,,,,,,,,
5,32,True,30,1,0,0.0,0.1,0.95,0.65,0.3,0.75,0.45,,,,,,,,,,,,,,
5,33,True,40,1,0,0.0,0.4,1.0,0.9,0.8,0.6,0.25,,,,,,,,,,,,,,
5,34,False,,6434,46,0.0764119601328903,0.55,0.85,0.5,0.8,0.2,0.125,0.4206521739130434,0.0461284677693977,0.7717391304347825,0.0473793363428334,0.457608695652174,0.0589467254911141,0.4217391304347824,0.0288402155683078,0.333695652173913,0.0478384371405769,0.1701086956521739,0.0212513204304534,76.82608695652173,79.0
5,35,True,48,1,0,0.0,0.1,0.65,0.3,0.25,0.5,0.15,,,,,,,,,,,,,,
5,36,True,50,1,0,0.0,0.0,0.35,0.05,0.0,0.2,0.35,,,,,,,,,,,,,,
5,37,True,56,1,0,0.0,0.3,0.45,0.15,0.0,0.6,0.225,,,,,,,,,,,,,,
5,38,True,26,1,0,0.0,0.45,0.25,0.15,0.2,0.6,0.4,,,,,,,,,,,,,,
5,39,True,19,1,0,0.0,0.75,0.2,0.9,0.4,0.3,0.075,,,,,,,,,,,,,,
5,40,True,123,2,0,0.0,0.75,0.6,0.9,0.4,0.1,0.15,,,,,,,,,,,,,,
5,41,True,56,1,0,0.0,0.9,0.65,0.05,0.75,0.6,0.25,,,,,,,,,,,,,,
5,42,False,,4987,39,0.0647840531561461,0.05,0.0,0.95,0.7,0.85,0.2,0.1102564102564102,0.0231480385708561,0.1794871794871795,0.0403795275590349,0.8538461538461539,0.0398468468408206,0.4217948717948718,0.0354366024643211,0.6371794871794874,0.0387595293790537,0.2064102564102563,0.0167159036030837,79.28205128205128,82.0
5,43,True,197,2,0,0.0,0.5,0.8,0.7,1.0,0.05,0.15,,,,,,,,,,,,,,
5,44,True,53,1,0,0.0,0.35,0.25,0.2,0.1,0.65,0.475,,,,,,,,,,,,,,
5,45,True,48,1,0,0.0,0.0,0.95,0.1,0.45,0.7,0.425,,,,,,,,,,,,,,
5,46,True,2747,308,0,0.0,0.8,0.05,0.1,0.4,0.75,0.15,,,,,,,,,,,,,,
5,47,True,98,1,0,0.0,0.05,0.0,0.7,0.05,0.15,0.2,,,,,,,,,,,,,,
5,48,True,21,1,0,0.0,0.8,0.75,0.1,0.3,0.25,0.05,,,,,,,,,,,,,,
5,49,True,64,1,0,0.0,0.55,0.65,1.0,0.7,0.6,0.275,,,,,,,,,,,,,,
5,50,True,81,1,0,0.0,0.8,0.75,0.15,0.95,0.75,0.125,,,,,,,,,,,,,,
5,51,True,41,1,0,0.0,0.95,0.65,0.3,0.1,0.05,0.1,,,,,,,,,,,,,,
5,52,True,90,2,0,0.0,0.95,0.25,0.85,0.25,0.35,0.5,,,,,,,,,,,,,,
5,53,True,36,1,0,0.0,0.75,0.8,0.75,0.0,0.1,0.125,,,,,,,,,,,,,,
5,54,True,54,1,0,0.0,0.75,0.05,0.05,1.0,0.6,0.5,,,,,,,,,,,,,,
5,55,True,26,1,0,0.0,0.5,0.65,0.35,0.6,0.35,0.15,,,,,,,,,,,,,,
5,56,True,65,1,0,0.0,0.45,0.6,0.0,0.9,0.5,0.05,,,,,,,,,,,,,,
5,57,True,45,1,0,0.0,0.75,0.35,0.5,0.85,0.35,0.125,,,,,,,,,,,,,,
5,58,False,,16982,118,0.1960132890365448,0.15,0.55,0.3,0.15,0.0,0.225,0.1639830508474575,0.0450449837405216,0.4588983050847459,0.0584515429948876,0.3644067796610171,0.0478794809892391,0.1902542372881355,0.0381002661231592,0.1275423728813559,0.0598718467649645,0.251271186440678,0.0315300935123485,84.20338983050847,90.0
5,59,False,,14778,97,0.1611295681063123,0.45,0.45,0.95,0.15,0.65,0.35,0.409278350515464,0.0467113845740585,0.5365979381443299,0.0558511755487898,0.5170103092783505,0.0475625458739062,0.1190721649484536,0.0415196506507263,0.1541237113402061,0.0660638956144105,0.3162371134020618,0.0218480097448688,89.70103092783505,95.0
5,60,True,93,1,0,0.0,0.05,0.65,0.4,0.4,0.75,0.325,,,,,,,,,,,,,,
5,61,True,59,1,0,0.0,0.95,0.7,0.15,0.25,0.65,0.05,,,,,,,,,,,,,,
5,62,True,48,1,0,0.0,0.85,0.65,0.3,0.55,0.0,0.45,,,,,,,,,,,,,,
5,63,True,20,1,0,0.0,0.35,0.6,0.2,0.1,0.05,0.1,,,,,,,,,,,,,,
5,64,True,70,1,0,0.0,0.25,0.2,0.9,0.5,1.0,0.3,,,,,,,,,,,,,,
5,65,True,65,1,0,0.0,0.85,1.0,0.55,0.4,0.3,0.15,,,,,,,,,,,,,,
5,66,True,29,1,0,0.0,0.9,0.95,0.6,0.6,0.1,0.375,,,,,,,,,,,,,,
5,67,True,71,2,0,0.0,0.9,0.45,0.9,0.4,0.25,0.275,,,,,,,,,,,,,,
5,68,True,93,2,0,0.0,0.5,0.65,0.25,0.8,0.7,0.325,,,,,,,,,,,,,,
5,69,True,73,1,0,0.0,0.8,0.55,0.35,0.55,0.4,0.1,,,,,,,,,,,,,,
5,70,True,16,1,0,0.0,0.6,0.05,1.0,0.45,0.25,0.425,,,,,,,,,,,,,,
5,71,False,,8954,59,0.0980066445182724,0.3,0.7,0.2,0.65,0.0,0.35,0.2440677966101694,0.0245031055844084,0.6822033898305084,0.044875262016521,0.2508474576271186,0.0338134531241694,0.421186440677966,0.0561500636389066,0.0669491525423728,0.0236682034640151,0.3427966101694915,0.0178570402590724,79.62711864406779,82.0
5,72,True,34,1,0,0.0,0.5,0.1,0.0,0.35,0.55,0.1,,,,,,,,,,,,,,
5,73,True,80,1,0,0.0,0.1,0.8,0.15,0.8,1.0,0.05,,,,,,,,,,,,,,
5,74,True,28,1,0,0.0,0.65,0.1,0.2,0.7,0.0,0.025,,,,,,,,,,,,,,
5,75,True,72,1,0,0.0,0.45,1.0,0.1,0.4,0.2,0.15,,,,,,,,,,,,,,
5,76,True,63,1,0,0.0,0.0,0.65,0.5,0.3,0.0,0.2,,,,,,,,,,,,,,
5,77,True,59,2,0,0.0,0.2,0.7,0.0,0.0,0.1,0.4,,,,,,,,,,,,,,
5,78,True,21,1,0,0.0,0.55,0.45,1.0,0.8,0.75,0.4,,,,,,,,,,,,,,
5,79,True,2639,277,0,0.0,1.0,0.7,0.0,0.3,0.0,0.375,,,,,,,,,,,,,,
5,80,True,56,1,0,0.0,1.0,1.0,0.9,0.05,0.5,0.175,,,,,,,,,,,,,,
5,81,True,85,2,0,0.0,0.55,0.0,0.7,0.15,0.0,0.0,,,,,,,,,,,,,,
5,82,True,84,1,0,0.0,0.95,0.15,0.25,0.75,0.65,0.25,,,,,,,,,,,,,,
5,83,True,586,12,0,0.0,0.9,0.85,0.7,0.7,0.1,0.275,,,,,,,,,,,,,,
5,84,True,96,1,0,0.0,0.45,0.75,0.05,0.45,0.4,0.35,,,,,,,,,,,,,,
5,85,True,3829,3421,0,0.0,0.95,0.1,0.95,0.25,0.05,0.175,,,,,,,,,,,,,,
5,86,True,34,1,0,0.0,0.4,0.5,0.9,0.7,0.8,0.4,,,,,,,,,,,,,,
5,87,True,23,1,0,0.0,0.4,0.9,0.0,0.25,0.55,0.075,,,,,,,,,,,,,,
5,88,True,108,1,0,0.0,0.6,0.7,0.35,0.95,0.85,0.275,,,,,,,,,,,,,,
5,89,True,26,1,0,0.0,0.8,0.85,0.85,0.7,0.8,0.2,,,,,,,,,,,,,,
5,90,True,54,2,0,0.0,0.65,0.0,0.0,0.0,0.6,0.375,,,,,,,,,,,,,,
5,91,True,60,1,0,0.0,0.35,0.6,0.95,1.0,0.35,0.1,,,,,,,,,,,,,,
5,92,True,43,1,0,0.0,0.7,0.65,0.6,0.2,0.55,0.225,,,,,,,,,,,,,,
5,93,True,14,1,0,0.0,0.95,0.15,1.0,0.3,0.7,0.05,,,,,,,,,,,,,,
5,94,True,79,2,0,0.0,0.4,0.4,0.15,0.05,0.1,0.025,,,,,,,,,,,,,,
5,95,False,,7641,45,0.074750830564784,0.95,0.6,0.5,0.3,0.35,0.125,0.5733333333333334,0.051207638319124,0.5811111111111111,0.0438290731629244,0.5177777777777778,0.05180685878611,0.2377777777777777,0.0352066211505663,0.4644444444444445,0.0490149888891395,0.1416666666666666,0.0324893144826965,81.13333333333334,87.0
5,96,True,153,4,0,0.0,0.65,0.4,0.9,1.0,0.9,0.425,,,,,,,,,,,,,,
5,97,True,63,1,0,0.0,0.65,0.4,0.25,0.45,0.35,0.125,,,,,,,,,,,,,,
5,98,True,61,1,0,0.0,0.9,0.15,0.35,0.0,1.0,0.35,,,,,,,,,,,,,,
5,99,True,33,1,0,0.0,0.05,0.55,0.25,0.8,0.15,0.4,,,,,,,,,,,,,,
6,0,True,20,1,0,0.0,0.95,0.1,0.65,0.6,0.9,0.225,,,,,,,,,,,,,,
6,1,True,33,1,0,0.0,0.5,0.95,0.0,0.1,0.15,0.05,,,,,,,,,,,,,,
6,2,True,168,1,0,0.0,0.0,0.45,0.65,0.45,0.5,0.35,,,,,,,,,,,,,,
6,3,True,71,1,0,0.0,0.55,0.35,0.55,0.25,0.6,0.15,,,,,,,,,,,,,,
6,4,True,24,1,0,0.0,0.75,0.4,0.0,0.55,0.5,0.325,,,,,,,,,,,,,,
6,5,True,114,3,0,0.0,0.75,0.05,0.65,0.05,0.5,0.125,,,,,,,,,,,,,,
6,6,True,38,1,0,0.0,0.35,0.9,0.6,0.95,0.4,0.15,,,,,,,,,,,,,,
6,7,True,49,1,0,0.0,0.85,0.6,0.2,0.4,1.0,0.05,,,,,,,,,,,,,,
6,8,True,53,1,0,0.0,0.65,0.05,0.7,0.65,0.9,0.425,,,,,,,,,,,,,,
6,9,True,134,3,0,0.0,0.7,0.75,0.6,0.8,0.9,0.275,,,,,,,,,,,,,,
6,10,True,796,46,0,0.0,0.7,0.5,0.5,0.35,0.75,0.25,,,,,,,,,,,,,,
6,11,True,55,1,0,0.0,0.9,0.2,0.55,0.9,0.2,0.2,,,,,,,,,,,,,,
6,12,True,59,1,0,0.0,0.75,0.4,0.6,0.15,0.1,0.175,,,,,,,,,,,,,,
6,13,True,43,1,0,0.0,0.05,1.0,0.85,0.2,0.0,0.2,,,,,,,,,,,,,,
6,14,True,54,1,0,0.0,1.0,0.8,0.25,0.9,0.6,0.475,,,,,,,,,,,,,,
6,15,True,33,1,0,0.0,0.9,0.2,0.8,0.45,0.25,0.3,,,,,,,,,,,,,,
6,16,True,31,1,0,0.0,0.75,0.55,0.75,0.2,0.05,0.25,,,,,,,,,,,,,,
6,17,True,191,1,0,0.0,0.1,0.1,0.45,0.95,0.1,0.5,,,,,,,,,,,,,,
6,18,True,71,1,0,0.0,0.45,0.1,0.85,0.3,0.3,0.225,,,,,,,,,,,,,,
6,19,True,63,1,0,0.0,0.0,0.6,0.85,0.2,0.15,0.0,,,,,,,,,,,,,,
6,20,True,39,1,0,0.0,1.0,1.0,0.25,0.9,0.1,0.225,,,,,,,,,,,,,,
6,21,True,48,1,0,0.0,0.0,0.65,0.55,0.6,0.4,0.25,,,,,,,,,,,,,,
6,22,True,21,1,0,0.0,0.55,0.3,0.55,0.65,0.8,0.025,,,,,,,,,,,,,,
6,23,True,4366,1903,0,0.0,0.95,1.0,0.25,0.8,0.35,0.2,,,,,,,,,,,,,,
6,24,True,79,1,0,0.0,0.45,0.85,0.2,0.7,0.05,0.325,,,,,,,,,,,,,,
6,25,True,96,3,0,0.0,0.6,0.4,0.35,0.05,0.25,0.025,,,,,,,,,,,,,,
6,26,False,,9465,75,0.1227495908346972,0.05,0.3,0.7,0.1,0.4,0.225,0.1073333333333333,0.0362338086445365,0.3526666666666667,0.0461109772421082,0.6860000000000002,0.0630132261248911,0.1446666666666666,0.0500488650109959,0.4853333333333333,0.0576040122059411,0.1733333333333333,0.0280871659105878,87.92,94.0
6,27,True,31,1,0,0.0,0.1,0.8,0.2,0.25,0.1,0.45,,,,,,,,,,,,,,
6,28,True,21,1,0,0.0,0.85,0.25,0.75,0.6,0.65,0.15,,,,,,,,,,,,,,
6,29,True,43,1,0,0.0,0.3,0.3,0.6,0.8,0.3,0.3,,,,,,,,,,,,,,
6,30,True,68,1,0,0.0,0.65,0.3,0.7,0.5,0.75,0.325,,,,,,,,,,,,,,
6,31,True,36,1,0,0.0,0.45,0.6,0.15,0.9,0.65,0.325,,,,,,,,,,,,,,
6,32,True,156,1,0,0.0,0.2,0.05,0.15,0.85,0.95,0.15,,,,,,,,,,,,,,
6,33,True,69,1,0,0.0,0.75,0.95,0.4,0.6,0.85,0.1,,,,,,,,,,,,,,
6,34,True,35,1,0,0.0,0.45,0.65,0.0,0.6,0.2,0.3,,,,,,,,,,,,,,
6,35,True,19,1,0,0.0,0.7,0.65,0.5,0.35,0.0,0.35,,,,,,,,,,,,,,
6,36,True,23,1,0,0.0,1.0,0.65,0.5,0.8,0.9,0.275,,,,,,,,,,,,,,
6,37,True,742,33,0,0.0,0.05,0.1,0.55,0.7,0.2,0.45,,,,,,,,,,,,,,
6,38,True,38,1,0,0.0,0.65,0.75,0.2,0.6,1.0,0.2,,,,,,,,,,,,,,
6,39,True,12,1,0,0.0,1.0,0.45,0.9,0.85,0.05,0.15,,,,,,,,,,,,,,
6,40,True,42,1,0,0.0,0.6,0.55,0.3,0.55,0.2,0.175,,,,,,,,,,,,,,
6,41,True,19,1,0,0.0,0.7,0.05,0.8,0.3,0.5,0.175,,,,,,,,,,,,,,
6,42,True,68,2,0,0.0,0.45,0.7,0.45,0.05,0.95,0.15,,,,,,,,,,,,,,
6,43,True,33,1,0,0.0,0.05,0.35,0.6,0.35,0.85,0.325,,,,,,,,,,,,,,
6,44,True,15,1,0,0.0,1.0,0.25,0.6,0.65,0.75,0.1,,,,,,,,,,,,,,
6,45,True,171,2,0,0.0,0.1,0.35,0.75,0.3,0.25,0.25,,,,,,,,,,,,,,
6,46,True,25,1,0,0.0,0.5,0.4,0.25,0.55,0.95,0.175,,,,,,,,,,,,,,
6,47,True,25,1,0,0.0,0.3,0.55,0.0,0.3,0.1,0.425,,,,,,,,,,,,,,
6,48,True,83,1,0,0.0,0.4,0.5,0.1,0.45,0.7,0.125,,,,,,,,,,,,,,
6,49,True,154,2,0,0.0,0.8,0.65,0.35,0.0,0.8,0.15,,,,,,,,,,,,,,
6,50,True,49,1,0,0.0,0.4,0.25,0.35,0.95,0.35,0.25,,,,,,,,,,,,,,
6,51,True,46,1,0,0.0,0.05,0.75,0.0,0.6,0.9,0.425,,,,,,,,,,,,,,
6,52,True,28,1,0,0.0,0.35,0.35,0.4,0.85,0.5,0.2,,,,,,,,,,,,,,
6,53,True,26,1,0,0.0,0.4,0.85,0.1,0.7,0.5,0.4,,,,,,,,,,,,,,
6,54,True,36,1,0,0.0,0.45,0.4,0.35,0.25,0.65,0.425,,,,,,,,,,,,,,
6,55,True,42,1,0,0.0,0.2,0.55,0.9,1.0,0.6,0.175,,,,,,,,,,,,,,
6,56,True,168,2,0,0.0,0.65,0.75,0.4,0.7,0.6,0.25,,,,,,,,,,,,,,
6,57,True,45,1,0,0.0,0.25,0.75,0.4,0.8,0.1,0.175,,,,,,,,,,,,,,
6,58,True,48,1,0,0.0,0.05,0.45,0.75,0.1,0.4,0.3,,,,,,,,,,,,,,
6,59,False,,18510,50,0.0818330605564648,0.7,0.05,0.6,0.15,0.55,0.25,0.546,0.059866518188383,0.262,0.1481755715359316,0.483,0.0682715167547931,0.151,0.043,0.5470000000000002,0.0885494212290515,0.2415,0.0209821352583572,92.5,95.0
6,60,True,41,1,0,0.0,0.2,0.4,0.35,0.65,0.45,0.0,,,,,,,,,,,,,,
6,61,True,78,1,0,0.0,0.15,0.1,0.3,0.4,0.55,0.025,,,,,,,,,,,,,,
6,62,True,24,1,0,0.0,0.25,0.75,0.15,0.3,0.6,0.45,,,,,,,,,,,,,,
6,63,True,94,1,0,0.0,0.4,0.4,0.0,0.2,0.95,0.5,,,,,,,,,,,,,,
6,64,True,33,1,0,0.0,0.05,0.75,0.9,0.0,0.5,0.125,,,,,,,,,,,,,,
6,65,True,63,1,0,0.0,0.0,0.25,0.7,0.1,1.0,0.2,,,,,,,,,,,,,,
6,66,True,36,1,0,0.0,0.55,0.3,0.65,0.35,0.7,0.4,,,,,,,,,,,,,,
6,67,True,74,1,0,0.0,1.0,0.1,0.5,0.6,0.55,0.15,,,,,,,,,,,,,,
6,68,True,54,1,0,0.0,0.3,0.95,0.35,0.5,0.0,0.125,,,,,,,,,,,,,,
6,69,True,59,1,0,0.0,0.1,0.15,0.95,0.75,0.85,0.375,,,,,,,,,,,,,,
6,70,True,41,1,0,0.0,0.5,0.0,0.6,0.3,0.45,0.125,,,,,,,,,,,,,,
6,71,True,63,2,0,0.0,0.7,0.1,0.95,0.2,0.2,0.45,,,,,,,,,,,,,,
6,72,False,,11670,121,0.1980360065466448,0.75,0.1,0.4,0.1,0.6,0.275,0.3871900826446281,0.0566010124678866,0.4239669421487603,0.1988706932310207,0.3586776859504132,0.0682356411651835,0.140495867768595,0.0681254462679376,0.4793388429752067,0.1189953505390062,0.2526859504132231,0.0330604337834208,89.95867768595042,96.0
6,73,True,31,1,0,0.0,0.75,1.0,0.85,0.05,0.95,0.05,,,,,,,,,,,,,,
6,74,True,29,1,0,0.0,0.35,0.35,1.0,0.4,0.6,0.425,,,,,,,,,,,,,,
6,75,True,6932,521,0,0.0,1.0,0.05,0.4,0.65,0.1,0.375,,,,,,,,,,,,,,
6,76,False,,55786,365,0.5973813420621932,0.55,0.8,0.2,0.05,1.0,0.1,0.3241095890410959,0.0907025186770007,0.636986301369863,0.0733855446836222,0.3250684931506849,0.0683087929852319,0.067945205479452,0.0637838581398487,0.8615068493150685,0.0790642401005405,0.1170547945205479,0.0410298556219131,97.7972602739726,116.0
6,77,True,216,2,0,0.0,0.55,0.9,0.7,0.9,0.3,0.15,,,,,,,,,,,,,,
6,78,True,40,1,0,0.0,0.5,0.55,0.9,0.05,0.75,0.1,,,,,,,,,,,,,,
6,79,True,43,1,0,0.0,0.3,0.5,0.4,0.65,0.85,0.325,,,,,,,,,,,,,,
6,80,True,146,2,0,0.0,0.15,0.6,0.5,0.35,0.1,0.4,,,,,,,,,,,,,,
6,81,True,41,1,0,0.0,0.45,0.65,0.25,0.7,0.95,0.0,,,,,,,,,,,,,,
6,82,True,48,1,0,0.0,0.7,0.4,0.75,0.7,0.15,0.1,,,,,,,,,,,,,,
6,83,True,61,1,0,0.0,0.6,0.35,0.6,0.1,0.45,0.375,,,,,,,,,,,,,,
6,84,True,63,1,0,0.0,0.05,0.45,0.0,0.7,0.15,0.5,,,,,,,,,,,,,,
6,85,True,24,1,0,0.0,0.35,0.05,0.15,0.35,0.8,0.45,,,,,,,,,,,,,,
6,86,True,60,1,0,0.0,0.4,0.6,0.5,0.95,0.45,0.05,,,,,,,,,,,,,,
6,87,True,56,1,0,0.0,0.1,0.8,0.75,0.5,0.65,0.225,,,,,,,,,,,,,,
6,88,True,83,1,0,0.0,0.95,0.5,0.05,0.55,0.35,0.1,,,,,,,,,,,,,,
6,89,True,186,4,0,0.0,0.85,0.3,0.9,0.25,0.25,0.05,,,,,,,,,,,,,,
6,90,True,17,1,0,0.0,1.0,0.25,0.2,0.3,0.75,0.35,,,,,,,,,,,,,,
6,91,True,28,1,0,0.0,0.6,0.65,0.2,0.25,0.15,0.1,,,,,,,,,,,,,,
6,92,True,76,1,0,0.0,0.2,1.0,0.85,0.95,0.05,0.2,,,,,,,,,,,,,,
6,93,True,39,1,0,0.0,0.95,0.9,0.0,0.95,0.8,0.425,,,,,,,,,,,,,,
6,94,True,64,1,0,0.0,0.95,0.9,1.0,0.95,1.0,0.475,,,,,,,,,,,,,,
6,95,True,31,1,0,0.0,0.3,0.2,0.3,0.9,0.35,0.125,,,,,,,,,,,,,,
6,96,True,53,1,0,0.0,0.15,0.7,0.9,0.6,0.7,0.325,,,,,,,,,,,,,,
6,97,True,38,1,0,0.0,0.8,0.8,0.4,0.45,0.3,0.5,,,,,,,,,,,,,,
6,98,True,12,1,0,0.0,1.0,0.95,0.95,0.4,0.3,0.125,,,,,,,,,,,,,,
6,99,True,34,1,0,0.0,0.6,0.4,0.6,0.85,0.3,0.225,,,,,,,,,,,,,,
7,0,True,61,1,0,0.0,0.7,0.55,0.35,0.6,0.65,0.175,,,,,,,,,,,,,,
7,1,True,26,1,0,0.0,0.75,0.35,1.0,0.7,1.0,0.45,,,,,,,,,,,,,,
7,2,True,96,1,0,0.0,0.25,0.25,0.9,0.25,0.85,0.225,,,,,,,,,,,,,,
7,3,True,33,1,0,0.0,0.0,0.55,0.45,0.5,0.4,0.4,,,,,,,,,,,,,,
7,4,True,31,1,0,0.0,0.5,1.0,0.5,0.8,0.0,0.375,,,,,,,,,,,,,,
7,5,True,23,1,0,0.0,0.85,0.25,0.45,0.8,0.45,0.425,,,,,,,,,,,,,,
7,6,True,79,3,0,0.0,0.75,0.35,0.4,0.1,0.9,0.15,,,,,,,,,,,,,,
7,7,True,24,1,0,0.0,0.55,0.25,1.0,0.9,0.85,0.35,,,,,,,,,,,,,,
7,8,True,5348,4114,0,0.0,0.35,0.05,0.25,0.8,0.0,0.45,,,,,,,,,,,,,,
7,9,True,101,1,0,0.0,0.55,0.6,0.95,0.85,0.8,0.3,,,,,,,,,,,,,,
7,10,True,54,1,0,0.0,0.85,0.0,0.25,0.2,0.7,0.475,,,,,,,,,,,,,,
7,11,True,12,1,0,0.0,0.95,0.65,0.85,0.75,0.95,0.05,,,,,,,,,,,,,,
7,12,True,93,1,0,0.0,0.4,0.05,0.7,0.85,0.75,0.275,,,,,,,,,,,,,,
7,13,True,41,1,0,0.0,0.95,0.65,0.45,1.0,0.6,0.225,,,,,,,,,,,,,,
7,14,True,30,1,0,0.0,0.35,0.6,0.8,0.7,0.05,0.4,,,,,,,,,,,,,,
7,15,True,31,1,0,0.0,0.9,0.25,0.4,0.6,0.5,0.225,,,,,,,,,,,,,,
7,16,True,242,3,0,0.0,0.6,0.5,0.35,0.8,0.2,0.275,,,,,,,,,,,,,,
7,17,True,27,1,0,0.0,0.85,0.4,0.15,0.5,0.25,0.425,,,,,,,,,,,,,,
7,18,True,29,1,0,0.0,0.65,0.5,0.0,0.9,0.25,0.325,,,,,,,,,,,,,,
7,19,True,14,1,0,0.0,0.9,0.4,0.9,0.1,0.05,0.25,,,,,,,,,,,,,,
7,20,True,66,1,0,0.0,0.25,0.25,0.1,0.45,0.5,0.0,,,,,,,,,,,,,,
7,21,True,71,2,0,0.0,0.8,0.25,0.25,0.1,0.55,0.25,,,,,,,,,,,,,,
7,22,False,,11313,105,0.1638065522620904,0.3,0.4,0.85,0.5,0.9,0.325,0.2914285714285713,0.0288321438156582,0.3,0.0473085112648373,0.37,0.051455019654248,0.2485714285714285,0.0499795876701025,0.0842857142857143,0.0464523748505036,0.3304761904761905,0.0241475997971582,92.65714285714286,97.0
7,23,True,22,1,0,0.0,0.7,0.75,0.75,0.65,0.55,0.275,,,,,,,,,,,,,,
7,24,True,78,1,0,0.0,0.65,0.55,0.35,1.0,0.7,0.225,,,,,,,,,,,,,,
7,25,True,119,1,0,0.0,0.2,0.9,1.0,0.95,1.0,0.4,,,,,,,,,,,,,,
7,26,True,121,1,0,0.0,0.65,0.85,0.65,0.85,0.9,0.35,,,,,,,,,,,,,,
7,27,True,103,2,0,0.0,0.8,0.75,0.35,0.8,1.0,0.025,,,,,,,,,,,,,,
7,28,True,37,1,0,0.0,0.5,0.25,0.9,0.4,1.0,0.425,,,,,,,,,,,,,,
7,29,True,54,1,0,0.0,0.55,0.55,0.6,0.2,0.1,0.175,,,,,,,,,,,,,,
7,30,True,27,1,0,0.0,0.9,0.5,0.25,0.65,0.05,0.35,,,,,,,,,,,,,,
7,31,True,16,1,0,0.0,1.0,0.1,0.45,1.0,0.25,0.225,,,,,,,,,,,,,,
7,32,True,48,1,0,0.0,0.2,0.0,1.0,0.5,1.0,0.3,,,,,,,,,,,,,,
7,33,False,,16805,119,0.1856474258970359,0.4,0.05,0.2,0.6,0.15,0.0,0.299159663865546,0.0667313670456867,0.1172268907563025,0.0520330271610511,0.234453781512605,0.0571552136911998,0.434873949579832,0.034025831665593,0.2008403361344537,0.0614882626216024,0.0628151260504201,0.0293246007334693,79.63025210084034,86.0
7,34,True,66,1,0,0.0,0.55,0.8,0.9,0.6,0.0,0.5,,,,,,,,,,,,,,
7,35,True,24,1,0,0.0,1.0,0.2,0.25,0.25,0.4,0.475,,,,,,,,,,,,,,
7,36,True,54,1,0,0.0,0.45,0.3,0.75,0.75,0.85,0.075,,,,,,,,,,,,,,
7,37,True,24,1,0,0.0,1.0,0.45,0.0,0.2,0.3,0.175,,,,,,,,,,,,,,
7,38,True,26,1,0,0.0,0.2,0.9,0.9,0.3,0.8,0.15,,,,,,,,,,,,,,
7,39,True,40,1,0,0.0,0.4,0.5,0.0,0.0,0.2,0.125,,,,,,,,,,,,,,
7,40,True,85,1,0,0.0,0.45,0.95,0.95,0.75,0.9,0.425,,,,,,,,,,,,,,
7,41,False,,28958,231,0.360374414976599,0.95,0.35,0.5,0.0,0.5,0.175,0.3729437229437228,0.1030571284514944,0.3683982683982684,0.0649444437671332,0.451948051948052,0.0895303614037618,0.1099567099567099,0.1159769264837687,0.4935064935064935,0.075457041482883,0.1174242424242424,0.0583593296770689,93.86580086580086,100.0
7,42,True,36,1,0,0.0,0.45,0.9,0.05,0.05,0.25,0.325,,,,,,,,,,,,,,
7,43,True,1321,67,0,0.0,0.85,0.95,0.9,0.5,0.1,0.225,,,,,,,,,,,,,,
7,44,True,86,1,0,0.0,0.15,0.35,0.85,0.5,0.3,0.45,,,,,,,,,,,,,,
7,45,True,722,37,0,0.0,0.4,0.85,0.3,0.9,0.9,0.3,,,,,,,,,,,,,,
7,46,True,31,1,0,0.0,0.1,0.65,0.3,0.15,0.0,0.225,,,,,,,,,,,,,,
7,47,True,81,1,0,0.0,0.5,0.05,0.7,0.75,0.8,0.475,,,,,,,,,,,,,,
7,48,True,57,1,0,0.0,0.55,0.6,0.85,0.4,0.75,0.3,,,,,,,,,,,,,,
7,49,True,44,1,0,0.0,0.95,0.65,0.7,0.2,0.15,0.05,,,,,,,,,,,,,,
7,50,True,26,1,0,0.0,1.0,0.5,0.65,1.0,0.6,0.125,,,,,,,,,,,,,,
7,51,False,,4220,46,0.0717628705148206,1.0,0.35,0.0,0.6,0.4,0.425,0.3630434782608696,0.040959660176993,0.1673913043478261,0.031652651692524,0.2576086956521739,0.062525987035955,0.409782608695652,0.0323358147405293,0.158695652173913,0.0836038457523017,0.0554347826086956,0.0207947026844662,85.3913043478261,88.0
7,52,True,30,1,0,0.0,0.6,0.7,0.7,0.5,0.5,0.4,,,,,,,,,,,,,,
7,53,True,25,1,0,0.0,0.35,0.45,0.45,0.8,0.95,0.35,,,,,,,,,,,,,,
7,54,True,48,1,0,0.0,0.7,1.0,0.15,0.65,0.45,0.4,,,,,,,,,,,,,,
7,55,True,25,1,0,0.0,0.9,0.55,0.2,0.65,1.0,0.1,,,,,,,,,,,,,,
7,56,False,,5901,33,0.0514820592823713,0.8,0.95,0.65,0.25,0.9,0.35,0.5878787878787879,0.0564482909399913,0.7484848484848483,0.0668386212124629,0.6439393939393939,0.0456561187070283,0.2515151515151515,0.0529219672623423,0.6196969696969696,0.0602260815586417,0.2439393939393939,0.0550586130624443,86.3030303030303,91.0
7,57,True,20,1,0,0.0,0.9,0.9,0.75,0.7,0.8,0.025,,,,,,,,,,,,,,
7,58,True,29,1,0,0.0,0.95,0.8,0.45,0.2,0.1,0.075,,,,,,,,,,,,,,
7,59,True,47,1,0,0.0,0.9,0.7,0.8,0.75,0.75,0.125,,,,,,,,,,,,,,
7,60,True,93,1,0,0.0,0.45,0.65,0.65,0.85,0.7,0.275,,,,,,,,,,,,,,
7,61,True,83,1,0,0.0,0.55,0.45,0.15,0.35,0.65,0.2,,,,,,,,,,,,,,
7,62,True,83,2,0,0.0,0.5,0.35,0.2,0.1,0.25,0.275,,,,,,,,,,,,,,
7,63,True,37,1,0,0.0,0.45,0.45,0.05,0.4,0.4,0.45,,,,,,,,,,,,,,
7,64,True,71,2,0,0.0,0.15,0.35,0.6,0.05,0.2,0.375,,,,,,,,,,,,,,
7,65,True,26,1,0,0.0,0.45,0.55,0.1,0.55,0.35,0.375,,,,,,,,,,,,,,
7,66,True,2810,259,0,0.0,0.2,0.9,0.2,0.85,0.55,0.3,,,,,,,,,,,,,,
7,67,True,59,1,0,0.0,0.05,0.65,0.6,0.1,0.75,0.4,,,,,,,,,,,,,,
7,68,True,56,1,0,0.0,0.5,1.0,0.55,0.2,0.55,0.325,,,,,,,,,,,,,,
7,69,True,56,1,0,0.0,0.7,0.25,0.2,0.3,0.1,0.475,,,,,,,,,,,,,,
7,70,True,21,1,0,0.0,0.55,0.45,0.65,0.6,0.9,0.3,,,,,,,,,,,,,,
7,71,True,246,1,0,0.0,0.2,0.55,0.3,0.8,0.55,0.025,,,,,,,,,,,,,,
7,72,True,18,1,0,0.0,0.8,0.6,0.1,0.5,0.8,0.225,,,,,,,,,,,,,,
7,73,False,,9106,67,0.1045241809672386,0.4,0.6,0.7,0.35,0.3,0.25,0.1798507462686567,0.0465685992890229,0.5873134328358209,0.0498829103494579,0.6686567164179104,0.0439095244279272,0.2134328358208955,0.0253072014295718,0.2,0.0696472990765379,0.2294776119402985,0.0182873891863326,84.28358208955224,89.0
7,74,True,18,1,0,0.0,0.95,0.8,0.9,0.1,1.0,0.275,,,,,,,,,,,,,,
7,75,True,66,1,0,0.0,0.2,0.3,0.75,0.4,0.1,0.025,,,,,,,,,,,,,,
7,76,True,19,1,0,0.0,0.45,0.9,0.6,0.7,0.95,0.225,,,,,,,,,,,,,,
7,77,True,103,1,0,0.0,0.45,0.15,0.75,0.8,0.75,0.05,,,,,,,,,,,,,,
7,78,True,48,1,0,0.0,0.0,0.5,0.0,0.2,1.0,0.025,,,,,,,,,,,,,,
7,79,True,111,4,0,0.0,0.5,0.0,0.0,0.2,0.45,0.225,,,,,,,,,,,,,,
7,80,True,34,1,0,0.0,0.25,0.75,0.4,0.3,0.65,0.225,,,,,,,,,,,,,,
7,81,True,32,1,0,0.0,0.9,0.5,0.95,0.8,0.45,0.3,,,,,,,,,,,,,,
7,82,True,42,1,0,0.0,0.15,0.6,0.6,0.85,0.7,0.225,,,,,,,,,,,,,,
7,83,True,66,2,0,0.0,0.5,0.75,1.0,0.8,0.55,0.125,,,,,,,,,,,,,,
7,84,True,53,1,0,0.0,0.1,0.05,1.0,0.05,0.6,0.2,,,,,,,,,,,,,,
7,85,True,17,1,0,0.0,0.9,0.2,0.45,0.8,0.5,0.45,,,,,,,,,,,,,,
7,86,True,21,1,0,0.0,0.8,0.9,0.8,0.85,0.3,0.175,,,,,,,,,,,,,,
7,87,True,33,1,0,0.0,0.0,0.05,0.5,1.0,0.65,0.15,,,,,,,,,,,,,,
7,88,True,53,2,0,0.0,0.7,0.35,0.95,0.05,1.0,0.375,,,,,,,,,,,,,,
7,89,False,,5651,32,0.0499219968798752,0.25,0.55,0.4,0.7,0.25,0.1,0.2328124999999999,0.0493858769664972,0.5375000000000001,0.057282196186948,0.4515625,0.0292734281174924,0.4859375,0.0399890121627178,0.3484374999999999,0.0537418235059995,0.16953125,0.0284593837501359,76.9375,79.0
7,90,True,143,3,0,0.0,0.4,0.05,0.9,0.3,0.05,0.275,,,,,,,,,,,,,,
7,91,True,41,1,0,0.0,0.55,0.3,0.25,0.35,0.0,0.25,,,,,,,,,,,,,,
7,92,True,61,1,0,0.0,0.4,0.4,0.65,0.7,0.25,0.25,,,,,,,,,,,,,,
7,93,True,31,1,0,0.0,0.55,0.3,0.95,0.55,0.8,0.15,,,,,,,,,,,,,,
7,94,True,3996,1861,0,0.0,0.0,0.1,0.05,0.75,0.5,0.15,,,,,,,,,,,,,,
7,95,True,49,1,0,0.0,0.55,0.7,0.05,0.35,0.9,0.325,,,,,,,,,,,,,,
7,96,True,46,1,0,0.0,0.1,0.1,0.2,0.3,0.15,0.25,,,,,,,,,,,,,,
7,97,True,58,2,0,0.0,0.8,0.2,0.7,0.4,0.05,0.05,,,,,,,,,,,,,,
7,98,False,,3761,8,0.0124804992199688,0.85,0.95,0.1,0.8,0.7,0.225,0.5875,0.0414578098794424,0.39375,0.0165359456941537,0.3,0.0,0.39375,0.0165359456941537,0.4,0.0,0.221875,0.0149869735103522,72.0,73.0
7,99,True,44,1,0,0.0,0.05,0.65,0.65,0.2,0.65,0.2,,,,,,,,,,,,,,
8,0,True,21,1,0,0.0,0.75,0.1,0.8,0.7,1.0,0.4,,,,,,,,,,,,,,
8,1,True,24,1,0,0.0,0.75,0.9,0.0,0.45,0.0,0.075,,,,,,,,,,,,,,
8,2,True,24,1,0,0.0,0.2,0.7,0.75,0.9,0.65,0.325,,,,,,,,,,,,,,
8,3,True,24,1,0,0.0,0.25,0.5,0.8,0.85,0.0,0.45,,,,,,,,,,,,,,
8,4,True,48,1,0,0.0,0.0,1.0,0.9,0.9,0.7,0.475,,,,,,,,,,,,,,
8,5,True,48,1,0,0.0,0.0,0.55,0.85,0.6,0.9,0.35,,,,,,,,,,,,,,
8,6,True,700,45,0,0.0,0.65,0.8,0.0,0.85,0.2,0.025,,,,,,,,,,,,,,
8,7,True,53,1,0,0.0,0.5,1.0,0.4,0.8,0.3,0.1,,,,,,,,,,,,,,
8,8,True,66,1,0,0.0,0.15,0.8,0.25,0.35,0.5,0.125,,,,,,,,,,,,,,
8,9,True,73,1,0,0.0,0.6,0.25,0.85,0.3,0.55,0.25,,,,,,,,,,,,,,
8,10,True,53,1,0,0.0,0.05,0.7,1.0,0.1,0.65,0.25,,,,,,,,,,,,,,
8,11,True,36,1,0,0.0,0.85,0.7,0.35,0.55,0.4,0.1,,,,,,,,,,,,,,
8,12,True,591,33,0,0.0,0.7,0.55,0.4,0.5,0.05,0.05,,,,,,,,,,,,,,
8,13,True,44,1,0,0.0,0.75,0.2,0.5,0.1,0.95,0.225,,,,,,,,,,,,,,
8,14,True,38,1,0,0.0,0.2,0.9,0.5,0.2,0.55,0.375,,,,,,,,,,,,,,
8,15,True,75,1,0,0.0,0.45,0.25,0.75,0.6,0.35,0.325,,,,,,,,,,,,,,
8,16,True,20,1,0,0.0,0.9,0.0,0.15,0.5,0.1,0.1,,,,,,,,,,,,,,
8,17,True,24,1,0,0.0,0.35,0.7,0.55,0.75,0.1,0.325,,,,,,,,,,,,,,
8,18,True,2885,175,0,0.0,0.4,0.4,0.95,0.8,0.6,0.25,,,,,,,,,,,,,,
8,19,True,21,1,0,0.0,0.7,0.35,0.6,0.8,0.65,0.2,,,,,,,,,,,,,,
8,20,False,,16946,119,0.1986644407345576,0.65,0.7,0.7,0.15,0.0,0.275,0.4168067226890757,0.074832392809725,0.4609243697478991,0.1090755007703391,0.7025210084033613,0.0600590533956492,0.1735294117647058,0.0505530461939328,0.1525210084033613,0.2030077139213881,0.2987394957983194,0.0398063510377308,105.28571428571428,112.0
8,21,True,51,2,0,0.0,0.65,0.3,0.1,0.35,0.45,0.05,,,,,,,,,,,,,,
8,22,True,28,1,0,0.0,0.45,0.45,0.5,0.25,0.1,0.025,,,,,,,,,,,,,,
8,23,True,44,1,0,0.0,0.1,0.9,0.0,0.85,0.7,0.2,,,,,,,,,,,,,,
8,24,True,86,1,0,0.0,0.3,0.9,0.9,0.55,0.45,0.225,,,,,,,,,,,,,,
8,25,True,23,1,0,0.0,0.8,0.65,0.2,0.0,1.0,0.125,,,,,,,,,,,,,,
8,26,True,22,1,0,0.0,0.8,0.1,0.9,1.0,0.35,0.35,,,,,,,,,,,,,,
8,27,True,48,1,0,0.0,0.0,0.9,0.35,0.0,0.0,0.425,,,,,,,,,,,,,,
8,28,True,53,2,0,0.0,0.55,0.15,0.5,0.45,0.35,0.15,,,,,,,,,,,,,,
8,29,True,53,1,0,0.0,0.6,0.85,0.55,0.75,0.0,0.25,,,,,,,,,,,,,,
8,30,True,74,1,0,0.0,0.25,0.05,0.9,0.0,0.9,0.225,,,,,,,,,,,,,,
8,31,True,22,1,0,0.0,0.85,0.75,0.6,0.35,0.55,0.0,,,,,,,,,,,,,,
8,32,True,31,1,0,0.0,0.1,0.0,0.55,0.7,0.3,0.05,,,,,,,,,,,,,,
8,33,True,71,1,0,0.0,0.2,0.45,0.3,0.2,0.8,0.35,,,,,,,,,,,,,,
8,34,True,1073,58,0,0.0,0.2,0.35,0.3,0.75,0.75,0.025,,,,,,,,,,,,,,
8,35,True,23,1,0,0.0,0.85,0.05,0.45,0.2,0.35,0.025,,,,,,,,,,,,,,
8,36,True,24,1,0,0.0,0.75,0.55,0.55,0.7,0.15,0.05,,,,,,,,,,,,,,
8,37,True,30,1,0,0.0,0.9,0.9,0.9,0.0,0.25,0.425,,,,,,,,,,,,,,
8,38,True,44,1,0,0.0,0.55,0.2,0.0,0.25,0.75,0.075,,,,,,,,,,,,,,
8,39,True,29,1,0,0.0,0.1,0.2,0.65,0.9,0.05,0.475,,,,,,,,,,,,,,
8,40,False,,8193,63,0.1051752921535893,0.2,0.95,0.15,0.3,0.25,0.425,0.1095238095238095,0.0406857321205596,0.650793650793651,0.0413003550198656,0.1944444444444444,0.0399514696782641,0.1357142857142857,0.037191665123365,0.3246031746031746,0.0376628905323957,0.2948412698412699,0.024052988032844,86.3015873015873,91.0
8,41,True,28,1,0,0.0,0.4,0.65,0.55,0.55,0.7,0.025,,,,,,,,,,,,,,
8,42,True,42,1,0,0.0,0.75,0.9,0.45,0.95,0.25,0.175,,,,,,,,,,,,,,
8,43,True,17,1,0,0.0,0.85,0.2,0.7,0.4,0.45,0.4,,,,,,,,,,,,,,
8,44,True,40,1,0,0.0,0.45,0.3,0.2,0.15,0.95,0.25,,,,,,,,,,,,,,
8,45,True,1265,75,0,0.0,0.65,0.35,0.8,0.6,0.45,0.45,,,,,,,,,,,,,,
8,46,True,33,1,0,0.0,0.0,0.25,0.95,0.0,0.6,0.4,,,,,,,,,,,,,,
8,47,False,,18605,97,0.1619365609348914,1.0,0.2,0.6,0.05,0.1,0.225,0.5850515463917526,0.0674135370073064,0.2278350515463917,0.0527438236795318,0.5505154639175257,0.0402920046306449,0.1,0.0522681429064262,0.2092783505154639,0.0575844950258512,0.1827319587628866,0.0335527021862368,92.11340206185568,106.0
8,48,False,,11956,98,0.1636060100166945,0.05,0.9,0.45,0.7,0.1,0.475,0.0525510204081632,0.0511961259792701,0.8515306122448978,0.0527092920750575,0.5581632653061224,0.0551870093183263,0.2908163265306122,0.042466636829969,0.1841836734693877,0.0569626348956991,0.3153061224489796,0.0605704865430899,79.6938775510204,85.0
8,49,True,133,2,0,0.0,0.2,0.6,0.25,0.3,0.65,0.3,,,,,,,,,,,,,,
8,50,True,28,1,0,0.0,0.1,0.3,0.35,0.1,0.8,0.275,,,,,,,,,,,,,,
8,51,True,21,1,0,0.0,0.8,0.4,0.0,0.7,0.95,0.3,,,,,,,,,,,,,,
8,52,True,76,1,0,0.0,0.05,0.95,0.7,0.9,0.55,0.15,,,,,,,,,,,,,,
8,53,True,89,1,0,0.0,0.6,0.25,0.35,0.7,0.65,0.2,,,,,,,,,,,,,,
8,54,True,16,1,0,0.0,0.7,0.65,0.35,0.45,0.3,0.15,,,,,,,,,,,,,,
8,55,True,38,1,0,0.0,0.15,0.3,0.95,0.75,0.8,0.0,,,,,,,,,,,,,,
8,56,True,34,1,0,0.0,1.0,0.8,0.55,0.7,0.0,0.025,,,,,,,,,,,,,,
8,57,True,34,1,0,0.0,0.2,0.65,0.1,0.95,0.3,0.475,,,,,,,,,,,,,,
8,58,True,33,1,0,0.0,0.0,0.75,0.4,0.75,0.15,0.4,,,,,,,,,,,,,,
8,59,True,15,1,0,0.0,0.95,0.0,0.6,0.55,0.45,0.25,,,,,,,,,,,,,,
8,60,True,69,1,0,0.0,0.2,0.65,0.85,0.0,1.0,0.125,,,,,,,,,,,,,,
8,61,True,21,1,0,0.0,0.45,0.45,0.3,1.0,0.2,0.275,,,,,,,,,,,,,,
8,62,True,48,1,0,0.0,0.6,0.1,0.8,0.95,0.2,0.15,,,,,,,,,,,,,,
8,63,True,48,1,0,0.0,0.0,0.35,0.55,0.45,0.4,0.45,,,,,,,,,,,,,,
8,64,True,19,1,0,0.0,0.95,1.0,0.8,0.05,0.85,0.175,,,,,,,,,,,,,,
8,65,True,24,1,0,0.0,0.6,0.95,0.15,0.0,0.2,0.475,,,,,,,,,,,,,,
8,66,True,988,75,0,0.0,0.8,0.85,0.0,0.9,0.05,0.0,,,,,,,,,,,,,,
8,67,True,26,1,0,0.0,0.85,0.65,0.7,0.3,0.45,0.3,,,,,,,,,,,,,,
8,68,True,53,1,0,0.0,0.75,1.0,0.0,0.15,0.35,0.25,,,,,,,,,,,,,,
8,69,True,16,1,0,0.0,0.75,0.8,0.35,0.6,0.55,0.025,,,,,,,,,,,,,,
8,70,False,,18125,104,0.1736227045075125,0.5,0.8,0.5,0.2,0.5,0.15,0.3764423076923077,0.0527861846223256,0.6254807692307693,0.0596444563110357,0.3701923076923077,0.0761196018577491,0.1288461538461538,0.0458322126454345,0.3649038461538462,0.0635034098464813,0.1526442307692307,0.0378061651131416,87.6826923076923,96.0
8,71,True,44,1,0,0.0,0.6,0.9,0.35,0.3,0.45,0.1,,,,,,,,,,,,,,
8,72,True,103,1,0,0.0,0.3,0.35,0.8,0.45,0.8,0.15,,,,,,,,,,,,,,
8,73,True,549,88,0,0.0,0.8,0.15,0.95,0.9,0.5,0.3,,,,,,,,,,,,,,
8,74,True,76,2,0,0.0,0.95,0.4,0.5,0.2,1.0,0.45,,,,,,,,,,,,,,
8,75,True,47,1,0,0.0,0.9,0.6,0.7,0.25,0.4,0.0,,,,,,,,,,,,,,
8,76,True,23,1,0,0.0,0.35,0.65,0.9,0.3,0.2,0.35,,,,,,,,,,,,,,
8,77,True,27,1,0,0.0,1.0,1.0,0.1,0.1,0.0,0.075,,,,,,,,,,,,,,
8,78,True,48,1,0,0.0,0.0,0.1,0.4,0.5,0.3,0.375,,,,,,,,,,,,,,
8,79,True,44,1,0,0.0,0.3,0.45,0.8,0.15,0.55,0.0,,,,,,,,,,,,,,
8,80,True,42,1,0,0.0,0.95,1.0,0.35,0.5,0.65,0.375,,,,,,,,,,,,,,
8,81,True,81,1,0,0.0,0.1,0.55,0.4,0.7,0.7,0.25,,,,,,,,,,,,,,
8,82,True,31,1,0,0.0,0.45,0.45,0.35,0.55,0.6,0.25,,,,,,,,,,,,,,
8,83,True,28,1,0,0.0,0.25,1.0,0.95,0.8,0.35,0.3,,,,,,,,,,,,,,
8,84,True,24,1,0,0.0,0.75,0.8,0.25,0.15,0.65,0.2,,,,,,,,,,,,,,
8,85,False,,7511,43,0.0717863105175292,0.9,0.6,0.8,0.2,0.75,0.5,0.4569767441860465,0.0425651284133095,0.6499999999999999,0.0264135271897687,0.6651162790697674,0.0565838374911462,0.1790697674418604,0.0361401634137675,0.3883720930232558,0.0386354598275259,0.4598837209302326,0.024789541401544,84.62790697674419,88.0
8,86,True,25,1,0,0.0,0.45,0.9,0.1,0.2,0.6,0.3,,,,,,,,,,,,,,
8,87,True,18,1,0,0.0,0.65,0.4,0.35,0.9,0.85,0.25,,,,,,,,,,,,,,
8,88,True,168,2,0,0.0,0.15,0.1,0.85,0.4,0.85,0.125,,,,,,,,,,,,,,
8,89,True,56,1,0,0.0,0.7,0.3,0.55,1.0,0.05,0.15,,,,,,,,,,,,,,
8,90,True,44,1,0,0.0,0.7,0.7,0.25,0.55,0.55,0.225,,,,,,,,,,,,,,
8,91,True,14,1,0,0.0,0.7,0.5,0.75,0.9,0.0,0.125,,,,,,,,,,,,,,
8,92,True,28,1,0,0.0,0.6,0.75,0.15,0.8,0.25,0.225,,,,,,,,,,,,,,
8,93,True,48,1,0,0.0,0.1,0.9,0.2,0.4,0.6,0.225,,,,,,,,,,,,,,
8,94,True,20,1,0,0.0,0.45,0.35,0.75,1.0,0.3,0.225,,,,,,,,,,,,,,
8,95,False,,5655,28,0.0467445742904841,0.3,0.95,0.5,0.45,0.9,0.225,0.2321428571428571,0.0447498717362202,0.5875,0.1057498733535209,0.5446428571428571,0.0645579552947329,0.2339285714285714,0.0583302963252181,0.6267857142857142,0.0687673911213203,0.2571428571428572,0.024872121923543,81.17857142857143,83.0
8,96,True,88,1,0,0.0,0.25,0.25,0.1,0.0,0.4,0.2,,,,,,,,,,,,,,
8,97,False,,7884,47,0.0784641068447412,0.4,0.85,1.0,0.4,0.3,0.05,0.2276595744680851,0.061720466827065,0.7595744680851064,0.0394622063638115,0.7925531914893614,0.1026140898024467,0.3074468085106384,0.0325816868747096,0.3638297872340425,0.0734427897620987,0.1484042553191489,0.061324966133329,82.06382978723404,86.0
8,98,True,21,1,0,0.0,0.7,0.6,0.15,0.65,1.0,0.2,,,,,,,,,,,,,,
8,99,True,68,1,0,0.0,0.4,0.45,0.1,0.15,0.2,0.375,,,,,,,,,,,,,,
9,0,True,41,1,0,0.0,0.45,0.1,0.0,0.25,0.9,0.025,,,,,,,,,,,,,,
9,1,True,33,1,0,0.0,0.0,0.8,0.0,0.95,0.85,0.275,,,,,,,,,,,,,,
9,2,True,36,1,0,0.0,0.1,0.7,0.95,0.65,0.9,0.4,,,,,,,,,,,,,,
9,3,True,35,1,0,0.0,0.95,0.6,0.6,0.35,0.45,0.225,,,,,,,,,,,,,,
9,4,True,33,1,0,0.0,0.55,0.0,0.0,1.0,1.0,0.025,,,,,,,,,,,,,,
9,5,True,24,1,0,0.0,0.75,0.35,0.55,0.8,0.65,0.3,,,,,,,,,,,,,,
9,6,True,33,1,0,0.0,0.0,0.6,0.45,0.25,0.55,0.275,,,,,,,,,,,,,,
9,7,True,18,1,0,0.0,0.8,0.25,0.55,0.5,0.8,0.0,,,,,,,,,,,,,,
9,8,False,,14123,108,0.1733547351524879,0.35,0.65,0.2,0.1,0.7,0.425,0.2393518518518518,0.0391169459382197,0.6046296296296297,0.0632956894841207,0.3231481481481481,0.0586996142985017,0.0796296296296296,0.0535918375129177,0.1328703703703703,0.0391826427446569,0.3523148148148149,0.0283694698145435,89.12962962962963,94.0
9,9,True,1363,79,0,0.0,0.45,0.55,0.25,0.4,0.95,0.125,,,,,,,,,,,,,,
9,10,False,,31933,200,0.3210272873194221,0.6,0.95,0.9,0.2,0.15,0.125,0.5149999999999999,0.0618465843842649,0.7755,0.0768098301000594,0.7989999999999999,0.0580861429258304,0.13775,0.0407729996443725,0.2342499999999999,0.0641438812358591,0.1466249999999999,0.0250845445444002,89.63,108.0
9,11,True,22,1,0,0.0,0.15,0.95,0.9,0.25,0.45,0.225,,,,,,,,,,,,,,
9,12,True,24,1,0,0.0,0.55,0.55,0.6,0.95,0.35,0.3,,,,,,,,,,,,,,
9,13,True,39,1,0,0.0,0.2,0.45,0.35,0.9,0.65,0.225,,,,,,,,,,,,,,
9,14,True,36,1,0,0.0,0.35,0.6,0.4,0.55,0.6,0.075,,,,,,,,,,,,,,
9,15,True,33,1,0,0.0,0.1,0.15,0.9,0.65,0.0,0.0,,,,,,,,,,,,,,
9,16,True,21,1,0,0.0,0.45,0.95,0.25,0.35,0.45,0.275,,,,,,,,,,,,,,
9,17,True,68,1,0,0.0,0.2,0.25,0.3,0.15,0.05,0.5,,,,,,,,,,,,,,
9,18,True,33,1,0,0.0,0.1,0.0,0.0,1.0,0.9,0.3,,,,,,,,,,,,,,
9,19,True,28,1,0,0.0,0.25,0.05,0.1,0.35,0.0,0.125,,,,,,,,,,,,,,
9,20,True,18,1,0,0.0,0.55,0.55,0.4,0.5,0.75,0.425,,,,,,,,,,,,,,
9,21,True,48,1,0,0.0,0.0,0.55,0.05,0.8,0.7,0.25,,,,,,,,,,,,,,
9,22,True,13,1,0,0.0,0.8,0.4,1.0,0.85,0.75,0.4,,,,,,,,,,,,,,
9,23,True,47,1,0,0.0,1.0,0.1,0.5,0.3,0.2,0.225,,,,,,,,,,,,,,
9,24,True,35,1,0,0.0,0.5,0.2,0.1,0.0,0.55,0.0,,,,,,,,,,,,,,
9,25,True,31,1,0,0.0,0.4,0.2,0.35,0.5,0.65,0.2,,,,,,,,,,,,,,
9,26,True,42,1,0,0.0,0.45,0.1,0.5,0.6,0.85,0.45,,,,,,,,,,,,,,
9,27,True,57,1,0,0.0,0.6,0.8,0.6,0.6,0.75,0.15,,,,,,,,,,,,,,
9,28,True,46,1,0,0.0,0.6,0.1,0.25,0.45,0.7,0.45,,,,,,,,,,,,,,
9,29,True,3332,367,0,0.0,0.8,0.2,0.95,0.15,0.85,0.275,,,,,,,,,,,,,,
9,30,False,,13409,91,0.146067415730337,0.85,0.6,0.65,1.0,0.45,0.5,0.593956043956044,0.0653961574446506,0.5890109890109889,0.0383750990994158,0.6351648351648352,0.0351562489517503,0.6318681318681318,0.0909402906139497,0.3994505494505495,0.0894103103595955,0.4409340659340659,0.0429855079585805,79.18681318681318,83.0
9,31,True,13,1,0,0.0,0.8,0.4,0.95,1.0,0.85,0.075,,,,,,,,,,,,,,
9,32,True,48,1,0,0.0,0.0,0.5,0.25,0.15,0.2,0.15,,,,,,,,,,,,,,
9,33,True,62,2,0,0.0,0.2,0.85,0.1,0.0,0.35,0.2,,,,,,,,,,,,,,
9,34,True,7223,1947,0,0.0,0.65,0.65,0.15,0.9,0.95,0.325,,,,,,,,,,,,,,
9,35,True,49,1,0,0.0,0.6,0.3,0.25,0.7,0.85,0.1,,,,,,,,,,,,,,
9,36,True,1587,137,0,0.0,0.45,0.95,0.15,0.35,0.0,0.5,,,,,,,,,,,,,,
9,37,True,109,2,0,0.0,0.6,0.5,0.0,0.2,0.8,0.375,,,,,,,,,,,,,,
9,38,False,,2984,30,0.0481540930979133,0.15,0.65,0.0,0.4,0.75,0.5,0.1366666666666666,0.0339934634239518,0.5899999999999999,0.0723417813807023,0.2399999999999999,0.0374165738677394,0.1099999999999999,0.0506622805119022,0.49,0.0238047614284761,0.2008333333333333,0.0120473602456674,87.7,91.0
9,39,True,31,1,0,0.0,0.05,0.6,0.2,0.05,0.4,0.45,,,,,,,,,,,,,,
9,40,True,54,1,0,0.0,0.45,0.55,0.4,0.0,0.2,0.325,,,,,,,,,,,,,,
9,41,True,23,1,0,0.0,0.55,0.8,0.0,0.5,0.55,0.0,,,,,,,,,,,,,,
9,42,False,,11174,62,0.0995184590690208,0.65,0.4,0.5,0.1,0.05,0.275,0.5008064516129033,0.0470860018612742,0.4459677419354838,0.057007630429261,0.5040322580645161,0.057007630429261,0.0508064516129032,0.0564343291513577,0.1379032258064516,0.043704915822062,0.2641129032258064,0.0244376130233899,89.87096774193549,96.0
9,43,True,40,1,0,0.0,0.35,0.2,1.0,0.55,0.45,0.4,,,,,,,,,,,,,,
9,44,True,64,2,0,0.0,0.15,0.05,0.05,0.05,0.1,0.05,,,,,,,,,,,,,,
9,45,True,28,1,0,0.0,0.9,0.75,0.05,0.2,0.0,0.175,,,,,,,,,,,,,,
9,46,True,49,1,0,0.0,0.0,0.5,0.45,0.05,0.15,0.0,,,,,,,,,,,,,,
9,47,True,39,1,0,0.0,0.8,0.55,1.0,0.1,0.9,0.1,,,,,,,,,,,,,,
9,48,True,28,1,0,0.0,0.6,0.6,0.75,0.7,0.55,0.45,,,,,,,,,,,,,,
9,49,True,48,1,0,0.0,0.0,0.85,0.0,0.65,0.4,0.3,,,,,,,,,,,,,,
9,50,True,41,1,0,0.0,0.4,0.85,0.25,0.85,0.2,0.325,,,,,,,,,,,,,,
9,51,True,15,1,0,0.0,0.8,0.1,0.9,0.05,0.3,0.275,,,,,,,,,,,,,,
9,52,True,3340,254,0,0.0,0.35,0.85,0.65,0.7,0.1,0.15,,,,,,,,,,,,,,
9,53,True,44,1,0,0.0,0.75,0.45,0.7,0.3,0.9,0.15,,,,,,,,,,,,,,
9,54,True,43,1,0,0.0,0.35,1.0,0.4,0.85,0.95,0.475,,,,,,,,,,,,,,
9,55,True,48,1,0,0.0,0.8,0.9,0.1,0.65,0.45,0.475,,,,,,,,,,,,,,
9,56,True,39,1,0,0.0,0.9,1.0,0.35,0.5,0.45,0.2,,,,,,,,,,,,,,
9,57,True,46,1,0,0.0,1.0,0.65,0.7,0.35,0.45,0.075,,,,,,,,,,,,,,
9,58,True,24,1,0,0.0,0.4,0.95,0.5,0.05,0.1,0.35,,,,,,,,,,,,,,
9,59,True,30,1,0,0.0,0.8,0.65,0.65,0.15,0.05,0.275,,,,,,,,,,,,,,
9,60,False,,17002,132,0.2118780096308186,0.35,0.8,0.4,0.2,0.65,0.35,0.1734848484848484,0.111538720335442,0.656060606060606,0.1148170981338368,0.278030303030303,0.0739209179598669,0.2227272727272727,0.1447782573512089,0.5897727272727273,0.0608458796828525,0.2443181818181818,0.0387531656931362,87.84848484848484,94.0
9,61,True,35,1,0,0.0,0.6,0.35,0.7,0.8,0.7,0.475,,,,,,,,,,,,,,
9,62,True,26,1,0,0.0,0.75,0.15,0.85,0.35,0.65,0.475,,,,,,,,,,,,,,
9,63,True,26,1,0,0.0,0.65,0.95,0.3,0.8,0.7,0.325,,,,,,,,,,,,,,
9,64,True,26,1,0,0.0,0.25,0.25,0.5,0.85,1.0,0.0,,,,,,,,,,,,,,
9,65,True,84,1,0,0.0,0.95,0.7,0.6,0.65,0.5,0.35,,,,,,,,,,,,,,
9,66,True,49,1,0,0.0,0.2,0.75,0.1,0.5,0.9,0.15,,,,,,,,,,,,,,
9,67,True,54,1,0,0.0,0.15,0.4,0.0,0.35,0.35,0.125,,,,,,,,,,,,,,
9,68,True,33,1,0,0.0,0.0,0.05,0.65,0.1,0.55,0.25,,,,,,,,,,,,,,
9,69,True,54,1,0,0.0,0.05,0.4,0.5,0.45,0.6,0.425,,,,,,,,,,,,,,
9,70,True,19,1,0,0.0,0.55,0.05,0.65,0.85,0.4,0.425,,,,,,,,,,,,,,
9,71,True,19,1,0,0.0,0.45,0.35,0.5,1.0,0.1,0.45,,,,,,,,,,,,,,
9,72,True,81,1,0,0.0,0.2,0.3,0.45,0.9,0.85,0.3,,,,,,,,,,,,,,
9,73,True,63,1,0,0.0,0.15,0.15,0.55,0.8,0.4,0.1,,,,,,,,,,,,,,
9,74,True,109,1,0,0.0,0.7,0.85,0.5,0.35,0.8,0.35,,,,,,,,,,,,,,
9,75,True,41,1,0,0.0,0.65,0.45,0.45,0.6,0.4,0.425,,,,,,,,,,,,,,
9,76,True,176,1,0,0.0,0.15,0.35,0.3,0.95,0.45,0.475,,,,,,,,,,,,,,
9,77,True,69,2,0,0.0,0.75,0.8,1.0,0.05,0.0,0.375,,,,,,,,,,,,,,
9,78,True,19,1,0,0.0,0.8,0.15,0.2,0.5,0.3,0.15,,,,,,,,,,,,,,
9,79,True,24,1,0,0.0,0.35,0.2,0.4,0.05,0.45,0.175,,,,,,,,,,,,,,
9,80,True,31,1,0,0.0,0.1,0.35,0.25,0.0,0.45,0.275,,,,,,,,,,,,,,
9,81,True,34,1,0,0.0,0.35,0.95,0.3,0.0,0.15,0.5,,,,,,,,,,,,,,
9,82,True,27,1,0,0.0,0.85,0.8,0.25,0.55,0.4,0.375,,,,,,,,,,,,,,
9,83,True,106,1,0,0.0,0.75,0.1,0.65,0.6,0.75,0.125,,,,,,,,,,,,,,
9,84,True,3075,471,0,0.0,0.45,0.95,1.0,0.35,0.6,0.375,,,,,,,,,,,,,,
9,85,True,14,1,0,0.0,0.9,0.4,0.85,0.55,0.45,0.425,,,,,,,,,,,,,,
9,86,True,1738,127,0,0.0,0.9,0.85,0.9,0.1,0.5,0.4,,,,,,,,,,,,,,
9,87,True,22,1,0,0.0,0.3,0.3,0.25,0.25,0.9,0.475,,,,,,,,,,,,,,
9,88,True,78,1,0,0.0,0.45,0.15,0.25,0.15,0.75,0.275,,,,,,,,,,,,,,
9,89,True,71,1,0,0.0,0.25,0.0,0.0,0.2,0.0,0.15,,,,,,,,,,,,,,
9,90,True,33,1,0,0.0,0.5,1.0,0.25,0.15,0.05,0.1,,,,,,,,,,,,,,
9,91,True,164,1,0,0.0,0.3,0.0,0.85,0.95,0.15,0.1,,,,,,,,,,,,,,
9,92,True,29,1,0,0.0,0.1,0.1,0.9,0.4,1.0,0.0,,,,,,,,,,,,,,
9,93,True,56,2,0,0.0,0.25,0.85,0.0,0.05,0.3,0.35,,,,,,,,,,,,,,
9,94,True,16,1,0,0.0,0.9,0.8,0.65,0.85,0.45,0.125,,,,,,,,,,,,,,
9,95,True,133,1,0,0.0,0.25,0.05,0.85,0.55,0.45,0.475,,,,,,,,,,,,,,
9,96,True,24,1,0,0.0,0.75,0.85,0.5,0.65,0.35,0.15,,,,,,,,,,,,,,
9,97,True,33,1,0,0.0,0.95,0.7,0.8,0.1,0.05,0.25,,,,,,,,,,,,,,
9,98,True,38,1,0,0.0,0.05,0.55,0.3,0.25,0.65,0.05,,,,,,,,,,,,,,
9,99,True,25,1,0,0.0,0.9,0.5,0.2,0.3,0.95,0.2,,,,,,,,,,,,,,
